Предмет;Эффект;Описание;Стоимость;Редкость;Категория
Медная монета;;"Одна медная монета; базовая единица цены.";1;;Деньги и ценности
Кошель с 3 медных монет;;"Кошель, содержащий ровно 3 медных монет; ценность равна содержимому.";3;;Деньги и ценности
Кошель с 7 медных монет;;"Кошель, содержащий ровно 7 медных монет; ценность равна содержимому.";7;;Деньги и ценности
Конверт;;Бумажный конверт для письма.;8;;Книги, свитки и документы
10 медных монет;;Небольшая горсть медных монет.;10;;Деньги и ценности
Лист бумаги;;Чистый лист недорогой бумаги.;12;;Книги, свитки и документы
Кошель с 15 медных монет;;"Кошель, содержащий ровно 15 медных монет; ценность равна содержимому.";15;;Деньги и ценности
Вода питьевая, фляга;;Фляга чистой питьевой воды.;20;;Питание и напитки
Свеча, простое исполнение;;Обычная восковая или сальная свеча. Простое исполнение.;20;;Снаряжение и инструменты
Кошель с 25 медных монет;;"Кошель, содержащий ровно 25 медных монет; ценность равна содержимому.";25;;Деньги и ценности
Песок мелкий, мешочек;;[МАГИЧЕСКИЙ КОМПОНЕНТ] Чистый мелкий песок для символических и сонных чар.;30;;Магические компоненты и реагенты
Свеча;;Обычная восковая или сальная свеча.;30;;Снаряжение и инструменты
Слива, дикий сбор;;"Небольшая спелая слива, собранное в дикой местности; лучше хранится и выглядит дороже обычного.";32;;Фрукты и овощи
Свеча, походное исполнение;;Обычная восковая или сальная свеча. Усилен для дороги.;33;;Снаряжение и инструменты
Слива;;небольшая спелая слива;35;;Фрукты и овощи
Чеснок, головка;;сухая головка чеснока;35;;Фрукты и овощи
Кошель с 40 медных монет;;"Кошель, содержащий ровно 40 медных монет; ценность равна содержимому.";40;;Деньги и ценности
Сера, щепоть;;[МАГИЧЕСКИЙ КОМПОНЕНТ] Обычная сера, пригодная как компонент некоторых огненных эффектов.;40;;Магические компоненты и реагенты
Яблоко, дикий сбор;;"Свежее яблоко среднего размера, собранное в дикой местности; лучше хранится и выглядит дороже обычного.";40;;Фрукты и овощи
Слива, садовый урожай;;"Небольшая спелая слива, из ухоженного сада; лучше хранится и выглядит дороже обычного.";44;;Фрукты и овощи
Зелень, пучок;;пучок укропа, петрушки или похожей зелени;45;;Фрукты и овощи
Лепёшка;;Простая мучная лепёшка, удобная в дороге.;45;;Питание и напитки
Лист пергамента;;Прочный лист выделанного пергамента.;45;;Книги, свитки и документы
Яблоко;;свежее яблоко среднего размера;45;;Фрукты и овощи
Слива, северный сорт;;"Небольшая спелая слива, выращенное в холодном краю; лучше хранится и выглядит дороже обычного.";46;;Фрукты и овощи
Слива, южный сорт;;"Небольшая спелая слива, привезённое с юга; лучше хранится и выглядит дороже обычного.";49;;Фрукты и овощи
50 медных монет;;Небольшой кошель с медью.;50;;Деньги и ценности
Слива, тепличный урожай;;"Небольшая спелая слива, выращенное вне сезона; лучше хранится и выглядит дороже обычного.";51;;Фрукты и овощи
Факел, простое исполнение;;Смоляной факел примерно на час света. Простое исполнение.;52;;Снаряжение и инструменты
Абрикос, дикий сбор;;"Спелый абрикос, собранное в дикой местности; лучше хранится и выглядит дороже обычного.";54;;Фрукты и овощи
Угольный порошок, мешочек;;[МАГИЧЕСКИЙ КОМПОНЕНТ] Тонкий чёрный порошок для ритуальных линий.;55;;Магические компоненты и реагенты
Яблоко, садовый урожай;;"Свежее яблоко среднего размера, из ухоженного сада; лучше хранится и выглядит дороже обычного.";56;;Фрукты и овощи
Свеча, профессиональное исполнение;;Обычная восковая или сальная свеча. Рассчитан на постоянную работу.;57;;Снаряжение и инструменты
Груша, дикий сбор;;"Спелая сладкая груша, собранное в дикой местности; лучше хранится и выглядит дороже обычного.";58;;Фрукты и овощи
Яблоко, северный сорт;;"Свежее яблоко среднего размера, выращенное в холодном краю; лучше хранится и выглядит дороже обычного.";58;;Фрукты и овощи
Абрикос;;спелый абрикос;60;;Фрукты и овощи
Гуано летучей мыши, щепоть;;[МАГИЧЕСКИЙ КОМПОНЕНТ] Высушенный компонент для ряда разрушительных формул.;60;;Магические компоненты и реагенты
Слива, отборная партия;;"Небольшая спелая слива, отборного качества; лучше хранится и выглядит дороже обычного.";60;;Фрукты и овощи
Ложка деревянная, простое исполнение;;Простая ложка. Простая работа.;63;;Бытовые предметы
Мандарин, дикий сбор;;"Небольшой сладкий цитрус, собранное в дикой местности; лучше хранится и выглядит дороже обычного.";63;;Фрукты и овощи
Яблоко, южный сорт;;"Свежее яблоко среднего размера, привезённое с юга; лучше хранится и выглядит дороже обычного.";63;;Фрукты и овощи
Груша;;спелая сладкая груша;65;;Фрукты и овощи
Редис, пучок;;пучок свежего редиса;65;;Фрукты и овощи
Соль, 1 кг;;Мешочек пищевой соли.;65;;Питание и напитки
Яблоко, тепличный урожай;;"Свежее яблоко среднего размера, выращенное вне сезона; лучше хранится и выглядит дороже обычного.";65;;Фрукты и овощи
Морковь, 1 кг, дикий сбор;;"Пучок мытой моркови, собранное в дикой местности; лучше хранится и выглядит дороже обычного.";68;;Фрукты и овощи
Уголь каменный, 1 кг, низкий сорт;;Топливо для кузницы и отопления. Низкое качество.;68;;Ремесленные материалы
Булка хлеба;;"Обычная свежая булка хлеба; базовый ценовой ориентир мира.";70;;Питание и напитки
Лук, 1 кг;;связка репчатого лука;70;;Фрукты и овощи
Мандарин;;небольшой сладкий цитрус;70;;Фрукты и овощи
Лимон, дикий сбор;;"Кислый цитрус, собранное в дикой местности; лучше хранится и выглядит дороже обычного.";72;;Фрукты и овощи
Абрикос, садовый урожай;;"Спелый абрикос, из ухоженного сада; лучше хранится и выглядит дороже обычного.";75;;Фрукты и овощи
Железные опилки, мешочек;;[МАГИЧЕСКИЙ КОМПОНЕНТ] Мелкие металлические опилки.;75;;Магические компоненты и реагенты
Кошель с 75 медных монет;;"Кошель, содержащий ровно 75 медных монет; ценность равна содержимому.";75;;Деньги и ценности
Морковь, 1 кг;;пучок мытой моркови;75;;Фрукты и овощи
Свёкла, 1 кг;;несколько корнеплодов;75;;Фрукты и овощи
Картофель, 1 кг, дикий сбор;;"Мешочек обычного картофеля, собранное в дикой местности; лучше хранится и выглядит дороже обычного.";76;;Фрукты и овощи
Яблоко, отборная партия;;"Свежее яблоко среднего размера, отборного качества; лучше хранится и выглядит дороже обычного.";76;;Фрукты и овощи
Абрикос, северный сорт;;"Спелый абрикос, выращенное в холодном краю; лучше хранится и выглядит дороже обычного.";78;;Фрукты и овощи
Мел, 10 кусков, простое исполнение;;Набор для отметок на камне и дереве. Простое исполнение.;78;;Снаряжение и инструменты
Лимон;;кислый цитрус;80;;Фрукты и овощи
Перо писчее;;Обрезанное перо для письма.;80;;Снаряжение и инструменты
Факел;;Смоляной факел примерно на час света.;80;;Снаряжение и инструменты
Банан, дикий сбор;;"Спелый плод, собранное в дикой местности; лучше хранится и выглядит дороже обычного.";81;;Фрукты и овощи
Груша, садовый урожай;;"Спелая сладкая груша, из ухоженного сада; лучше хранится и выглядит дороже обычного.";81;;Фрукты и овощи
Инжир, дикий сбор;;"Свежий плод инжира, собранное в дикой местности; лучше хранится и выглядит дороже обычного.";81;;Фрукты и овощи
Абрикос, южный сорт;;"Спелый абрикос, привезённое с юга; лучше хранится и выглядит дороже обычного.";84;;Фрукты и овощи
Груша, северный сорт;;"Спелая сладкая груша, выращенное в холодном краю; лучше хранится и выглядит дороже обычного.";84;;Фрукты и овощи
Мешок холщовый, простое исполнение;;Простой мешок. Простая работа.;84;;Бытовые предметы
Мыло, простое исполнение;;Брусок простого мыла. Простая работа.;84;;Бытовые предметы
Картофель, 1 кг;;мешочек обычного картофеля;85;;Фрукты и овощи
Листовой салат;;свежая головка листового салата;85;;Фрукты и овощи
Абрикос, тепличный урожай;;"Спелый абрикос, выращенное вне сезона; лучше хранится и выглядит дороже обычного.";87;;Фрукты и овощи
Мандарин, садовый урожай;;"Небольшой сладкий цитрус, из ухоженного сада; лучше хранится и выглядит дороже обычного.";88;;Фрукты и овощи
Факел, походное исполнение;;Смоляной факел примерно на час света. Усилен для дороги.;88;;Снаряжение и инструменты
Банан;;спелый плод;90;;Фрукты и овощи
Засушенная четырёхлистная трава;;Редкая форма обычного растения, популярный талисман.;90;;Редкости, диковинки и странные предметы
Инжир;;свежий плод инжира;90;;Фрукты и овощи
Квас, кружка;;"Кружка напитка; обычное трактирное качество.";90;;Питание и напитки
Ложка деревянная;;Простая ложка.;90;;Бытовые предметы
Овсяная каша, порция;;Горячая каша без добавок.;90;;Питание и напитки
Репа, 1 кг;;мешочек крепкой репы;90;;Фрукты и овощи
Свеча, мастерское исполнение;;Обычная восковая или сальная свеча. Точное качественное исполнение.;90;;Снаряжение и инструменты
Уголь древесный, 1 кг, низкий сорт;;Топливо для очага и мастерской. Низкое качество.;90;;Ремесленные материалы
Уголь каменный, 1 кг;;Топливо для кузницы и отопления.;90;;Ремесленные материалы
Чай травяной, кружка;;Горячий настой трав.;90;;Питание и напитки
Груша, южный сорт;;"Спелая сладкая груша, привезённое с юга; лучше хранится и выглядит дороже обычного.";91;;Фрукты и овощи
Мандарин, северный сорт;;"Небольшой сладкий цитрус, выращенное в холодном краю; лучше хранится и выглядит дороже обычного.";91;;Фрукты и овощи
Груша, тепличный урожай;;"Спелая сладкая груша, выращенное вне сезона; лучше хранится и выглядит дороже обычного.";94;;Фрукты и овощи
Морковь, 1 кг, садовый урожай;;"Пучок мытой моркови, из ухоженного сада; лучше хранится и выглядит дороже обычного.";94;;Фрукты и овощи
Молоко, 1 л;;Кувшин свежего молока.;95;;Питание и напитки
Мандарин, южный сорт;;"Небольшой сладкий цитрус, привезённое с юга; лучше хранится и выглядит дороже обычного.";98;;Фрукты и овощи
Морковь, 1 кг, северный сорт;;"Пучок мытой моркови, выращенное в холодном краю; лучше хранится и выглядит дороже обычного.";98;;Фрукты и овощи
Апельсин, дикий сбор;;"Сочный цитрус, собранное в дикой местности; лучше хранится и выглядит дороже обычного.";99;;Фрукты и овощи
Абрикос, отборная партия;;"Спелый абрикос, отборного качества; лучше хранится и выглядит дороже обычного.";100;;Фрукты и овощи
Лимон, садовый урожай;;"Кислый цитрус, из ухоженного сада; лучше хранится и выглядит дороже обычного.";100;;Фрукты и овощи
Мандарин, тепличный урожай;;"Небольшой сладкий цитрус, выращенное вне сезона; лучше хранится и выглядит дороже обычного.";100;;Фрукты и овощи
Серебряная монета;;"Одна серебряная монета; по канону равна 100 медным.";100;;Деньги и ценности
Картофель, 1 кг, садовый урожай;;"Мешочек обычного картофеля, из ухоженного сада; лучше хранится и выглядит дороже обычного.";105;;Фрукты и овощи
Лимон, северный сорт;;"Кислый цитрус, выращенное в холодном краю; лучше хранится и выглядит дороже обычного.";105;;Фрукты и овощи
Нитки, катушка, простое исполнение;;Катушка швейной нити. Простая работа.;105;;Бытовые предметы
Апельсин;;сочный цитрус;110;;Фрукты и овощи
Банан, садовый урожай;;"Спелый плод, из ухоженного сада; лучше хранится и выглядит дороже обычного.";110;;Фрукты и овощи
Груша, отборная партия;;"Спелая сладкая груша, отборного качества; лучше хранится и выглядит дороже обычного.";110;;Фрукты и овощи
Инжир, садовый урожай;;"Свежий плод инжира, из ухоженного сада; лучше хранится и выглядит дороже обычного.";110;;Фрукты и овощи
Капуста;;плотный кочан капусты;110;;Фрукты и овощи
Картофель, 1 кг, северный сорт;;"Мешочек обычного картофеля, выращенное в холодном краю; лучше хранится и выглядит дороже обычного.";110;;Фрукты и овощи
Лимон, южный сорт;;"Кислый цитрус, привезённое с юга; лучше хранится и выглядит дороже обычного.";110;;Фрукты и овощи
Морковь, 1 кг, тепличный урожай;;"Пучок мытой моркови, выращенное вне сезона; лучше хранится и выглядит дороже обычного.";110;;Фрукты и овощи
Персик, дикий сбор;;"Мягкий ароматный персик, собранное в дикой местности; лучше хранится и выглядит дороже обычного.";110;;Фрукты и овощи
Пиво, кружка;;Кружка лёгкого пива.;110;;Питание и напитки
Ржаной хлеб;;Плотная буханка тёмного хлеба.;110;;Питание и напитки
Уголь каменный, 1 кг, ремесленная подготовка;;Топливо для кузницы и отопления. Подготовлен для мастерской.;110;;Ремесленные материалы
Ягодный морс, кружка;;"Кружка напитка; обычное трактирное качество.";110;;Питание и напитки
Банан, северный сорт;;"Спелый плод, выращенное в холодном краю; лучше хранится и выглядит дороже обычного.";115;;Фрукты и овощи
Инжир, северный сорт;;"Свежий плод инжира, выращенное в холодном краю; лучше хранится и выглядит дороже обычного.";115;;Фрукты и овощи
Лимон, тепличный урожай;;"Кислый цитрус, выращенное вне сезона; лучше хранится и выглядит дороже обычного.";115;;Фрукты и овощи
Долговая расписка;;Документ с суммой долга и подписью.;120;;Книги, свитки и документы
Камень с естественным отверстием;;"Редкая, но полностью природная находка; считается хорошим талисманом.";120;;Редкости, диковинки и странные предметы
Картофель, 1 кг, южный сорт;;"Мешочек обычного картофеля, привезённое с юга; лучше хранится и выглядит дороже обычного.";120;;Фрукты и овощи
Мандарин, отборная партия;;"Небольшой сладкий цитрус, отборного качества; лучше хранится и выглядит дороже обычного.";120;;Фрукты и овощи
Мел, 10 кусков;;Набор для отметок на камне и дереве.;120;;Снаряжение и инструменты
Мешок холщовый;;Простой мешок.;120;;Бытовые предметы
Мыло;;Брусок простого мыла.;120;;Бытовые предметы
Персик;;мягкий ароматный персик;120;;Фрукты и овощи
Похлёбка овощная;;Густая дешёвая похлёбка.;120;;Питание и напитки
Сладкий перец;;свежий мясистый перец;120;;Фрукты и овощи
Уголь древесный, 1 кг;;Топливо для очага и мастерской.;120;;Ремесленные материалы
Чай с мятой, кружка;;"Кружка напитка; обычное трактирное качество.";120;;Питание и напитки
Эль, кружка;;Кружка простого эля.;120;;Питание и напитки
Банан, южный сорт;;"Спелый плод, привезённое с юга; лучше хранится и выглядит дороже обычного.";125;;Фрукты и овощи
Инжир, южный сорт;;"Свежий плод инжира, привезённое с юга; лучше хранится и выглядит дороже обычного.";125;;Фрукты и овощи
Картофель, 1 кг, тепличный урожай;;"Мешочек обычного картофеля, выращенное вне сезона; лучше хранится и выглядит дороже обычного.";125;;Фрукты и овощи
Миска деревянная, простое исполнение;;Простая деревянная миска. Простая работа.;125;;Бытовые предметы
Напёрсток, простое исполнение;;Металлический напёрсток. Простая работа.;125;;Бытовые предметы
Финики, горсть, дикий сбор;;"Горсть свежих или мягко подвяленных фиников, собранное в дикой местности; лучше хранится и выглядит дороже обычного.";125;;Фрукты и овощи
Банан, тепличный урожай;;"Спелый плод, выращенное вне сезона; лучше хранится и выглядит дороже обычного.";130;;Фрукты и овощи
Белый хлеб;;Мягкая пшеничная буханка.;130;;Питание и напитки
Инжир, тепличный урожай;;"Свежий плод инжира, выращенное вне сезона; лучше хранится и выглядит дороже обычного.";130;;Фрукты и овощи
Кабачок;;молодой кабачок;130;;Фрукты и овощи
Ложка деревянная, добротное исполнение;;Простая ложка. Качественные материалы.;130;;Бытовые предметы
Мел, 10 кусков, походное исполнение;;Набор для отметок на камне и дереве. Усилен для дороги.;130;;Снаряжение и инструменты
Морковь, 1 кг, отборная партия;;"Пучок мытой моркови, отборного качества; лучше хранится и выглядит дороже обычного.";130;;Фрукты и овощи
Отвар шиповника;;Кисловатый витаминный горячий отвар.;130;;Питание и напитки
Светлое пиво, кружка;;"Кружка напитка; обычное трактирное качество.";130;;Питание и напитки
Дрова, связка, низкий сорт;;Связка сухих дров. Низкое качество.;135;;Ремесленные материалы
Лимон, отборная партия;;"Кислый цитрус, отборного качества; лучше хранится и выглядит дороже обычного.";135;;Фрукты и овощи
Апельсин, садовый урожай;;"Сочный цитрус, из ухоженного сада; лучше хранится и выглядит дороже обычного.";140;;Фрукты и овощи
Сахар, 1 кг;;Мешочек очищенного сахара.;140;;Питание и напитки
Сидр, кружка;;Кружка яблочного сидра.;140;;Питание и напитки
Сухари, мешочек;;Сухари на несколько перекусов.;140;;Питание и напитки
Уголь каменный, 1 кг, отборный сорт;;Топливо для кузницы и отопления. Высокое качество.;140;;Ремесленные материалы
Финики, горсть;;горсть свежих или мягко подвяленных фиников;140;;Фрукты и овощи
Апельсин, северный сорт;;"Сочный цитрус, выращенное в холодном краю; лучше хранится и выглядит дороже обычного.";145;;Фрукты и овощи
Картофель, 1 кг, отборная партия;;"Мешочек обычного картофеля, отборного качества; лучше хранится и выглядит дороже обычного.";145;;Фрукты и овощи
Клубника, горсть, дикий сбор;;"Горсть свежей клубники, собранное в дикой местности; лучше хранится и выглядит дороже обычного.";145;;Фрукты и овощи
Уголь древесный, 1 кг, ремесленная подготовка;;Топливо для очага и мастерской. Подготовлен для мастерской.;145;;Ремесленные материалы
Горох, 1 кг;;стручки или очищенный горох;150;;Фрукты и овощи
Каша пшённая с маслом;;Горячая пшённая каша с маслом.;150;;Питание и напитки
Козье молоко, 1 л;;Кувшин козьего молока.;150;;Питание и напитки
Кошель с 150 медных монет;;"Кошель, содержащий ровно 150 медных монет; ценность равна содержимому.";150;;Деньги и ценности
Нитки, катушка;;Катушка швейной нити.;150;;Бытовые предметы
Персик, садовый урожай;;"Мягкий ароматный персик, из ухоженного сада; лучше хранится и выглядит дороже обычного.";150;;Фрукты и овощи
Сухофрукты, горсть;;Смесь сушёных фруктов.;150;;Питание и напитки
Факел, профессиональное исполнение;;Смоляной факел примерно на час света. Рассчитан на постоянную работу.;150;;Снаряжение и инструменты
Яблочный сок, кружка;;"Кружка напитка; обычное трактирное качество.";150;;Питание и напитки
Апельсин, южный сорт;;"Сочный цитрус, привезённое с юга; лучше хранится и выглядит дороже обычного.";155;;Фрукты и овощи
Банан, отборная партия;;"Спелый плод, отборного качества; лучше хранится и выглядит дороже обычного.";155;;Фрукты и овощи
Инжир, отборная партия;;"Свежий плод инжира, отборного качества; лучше хранится и выглядит дороже обычного.";155;;Фрукты и овощи
Кружка деревянная, простое исполнение;;Деревянная кружка. Простая работа.;155;;Бытовые предметы
Пепел ворона, мешочек;;"[МАГИЧЕСКИЙ КОМПОНЕНТ] Порошкообразный остаток существа; используется в специализированных ритуалах и алхимии.";155;;Магические компоненты и реагенты
Персик, северный сорт;;"Мягкий ароматный персик, выращенное в холодном краю; лучше хранится и выглядит дороже обычного.";155;;Фрукты и овощи
Апельсин, тепличный урожай;;"Сочный цитрус, выращенное вне сезона; лучше хранится и выглядит дороже обычного.";160;;Фрукты и овощи
Баклажан;;крупный баклажан;160;;Фрукты и овощи
Виноград, гроздь, дикий сбор;;"Небольшая гроздь столового винограда, собранное в дикой местности; лучше хранится и выглядит дороже обычного.";160;;Фрукты и овощи
Гороховая похлёбка, трактирная подача;;"Готовое блюдо; простая трактирная подача.";160;;Питание и напитки
Клубника, горсть;;горсть свежей клубники;160;;Фрукты и овощи
Малина, горсть, дикий сбор;;"Горсть свежей малины, собранное в дикой местности; лучше хранится и выглядит дороже обычного.";160;;Фрукты и овощи
Тёмное пиво, кружка;;"Кружка напитка; обычное трактирное качество.";160;;Питание и напитки
Чай чёрный, кружка;;Кружка привозного чая.;160;;Питание и напитки
Грушевый сидр, кружка;;"Кружка напитка; обычное трактирное качество.";170;;Питание и напитки
Каша с мёдом, трактирная подача;;"Готовое блюдо; простая трактирная подача.";170;;Питание и напитки
Крапива, сушёная связка;;"Витаминная и кровоостанавливающая трава; сырьё для настоев.";170;;Алхимия и медицина
Персик, южный сорт;;"Мягкий ароматный персик, привезённое с юга; лучше хранится и выглядит дороже обычного.";170;;Фрукты и овощи
Чай с мёдом, кружка;;"Кружка напитка; обычное трактирное качество.";170;;Питание и напитки
Яйца, десяток;;Десяток свежих яиц.;170;;Питание и напитки
Гороховая похлёбка, дорожная упаковка;;"Готовое блюдо; упаковано для хранения в пути.";175;;Питание и напитки
Мешок холщовый, добротное исполнение;;Простой мешок. Качественные материалы.;175;;Бытовые предметы
Мыло, добротное исполнение;;Брусок простого мыла. Качественные материалы.;175;;Бытовые предметы
Персик, тепличный урожай;;"Мягкий ароматный персик, выращенное вне сезона; лучше хранится и выглядит дороже обычного.";175;;Фрукты и овощи
Расчёска деревянная, простое исполнение;;Простая расчёска. Простая работа.;175;;Бытовые предметы
Финики, горсть, садовый урожай;;"Горсть свежих или мягко подвяленных фиников, из ухоженного сада; лучше хранится и выглядит дороже обычного.";175;;Фрукты и овощи
Бинт, рулон;;Чистый тканевый бинт.;180;;Алхимия и медицина
Верёвка бельевая, простое исполнение;;Тонкая верёвка для хозяйства. Простая работа.;180;;Бытовые предметы
Виноград, гроздь;;небольшая гроздь столового винограда;180;;Фрукты и овощи
Виноградный сок, кружка;;"Кружка напитка; обычное трактирное качество.";180;;Питание и напитки
Дрова, связка;;Связка сухих дров.;180;;Ремесленные материалы
Кружка глиняная, простое исполнение;;Глиняная кружка. Простая работа.;180;;Бытовые предметы
Малина, горсть;;горсть свежей малины;180;;Фрукты и овощи
Миска деревянная;;Простая деревянная миска.;180;;Бытовые предметы
Мята, сушёная связка;;"Освежающее и желудочное применение; сырьё для настоев.";180;;Алхимия и медицина
Напёрсток;;Металлический напёрсток.;180;;Бытовые предметы
Огурцы, 1 кг;;корзинка свежих огурцов;180;;Фрукты и овощи
Песок чистый, мешок;;Просеянный песок.;180;;Ремесленные материалы
Пирог с капустой;;Сытный небольшой пирог.;180;;Питание и напитки
Почтовая бумага, набор;;Набор листов и конвертов.;180;;Книги, свитки и документы
Пряный эль, кружка;;"Кружка напитка; обычное трактирное качество.";180;;Питание и напитки
Пряный ягодный напиток;;Горячий безалкогольный напиток из ягод и специй.;180;;Питание и напитки
Солёные овощи, трактирная подача;;"Готовое блюдо; простая трактирная подача.";180;;Питание и напитки
Тушёная фасоль, трактирная подача;;"Готовое блюдо; простая трактирная подача.";180;;Питание и напитки
Финики, горсть, северный сорт;;"Горсть свежих или мягко подвяленных фиников, выращенное в холодном краю; лучше хранится и выглядит дороже обычного.";180;;Фрукты и овощи
Чечевица, 1 кг;;сухая чечевица для похлёбки;180;;Фрукты и овощи
Апельсин, отборная партия;;"Сочный цитрус, отборного качества; лучше хранится и выглядит дороже обычного.";185;;Фрукты и овощи
Каша с мёдом, дорожная упаковка;;"Готовое блюдо; упаковано для хранения в пути.";185;;Питание и напитки
Уголь древесный, 1 кг, отборный сорт;;Топливо для очага и мастерской. Высокое качество.;185;;Ремесленные материалы
Блины, трактирная подача;;"Готовое блюдо; простая трактирная подача.";190;;Питание и напитки
Орехи, горсть;;Горсть очищенных орехов.;190;;Питание и напитки
Осколок кости ворона;;"[МАГИЧЕСКИЙ КОМПОНЕНТ] Твёрдый ритуальный материал существа; используется в специализированных ритуалах и алхимии.";190;;Магические компоненты и реагенты
Острый перец, связка;;маленькая связка жгучих перцев;190;;Фрукты и овощи
Пепел совы, мешочек;;"[МАГИЧЕСКИЙ КОМПОНЕНТ] Порошкообразный остаток существа; используется в специализированных ритуалах и алхимии.";195;;Магические компоненты и реагенты
Финики, горсть, южный сорт;;"Горсть свежих или мягко подвяленных фиников, привезённое с юга; лучше хранится и выглядит дороже обычного.";195;;Фрукты и овощи
Гранат, дикий сбор;;"Крупный гранат с множеством зёрен, собранное в дикой местности; лучше хранится и выглядит дороже обычного.";200;;Фрукты и овощи
Клубника, горсть, садовый урожай;;"Горсть свежей клубники, из ухоженного сада; лучше хранится и выглядит дороже обычного.";200;;Фрукты и овощи
Солёные овощи, дорожная упаковка;;"Готовое блюдо; упаковано для хранения в пути.";200;;Питание и напитки
Тушёная фасоль, дорожная упаковка;;"Готовое блюдо; упаковано для хранения в пути.";200;;Питание и напитки
Черника, горсть, дикий сбор;;"Горсть лесной черники, собранное в дикой местности; лучше хранится и выглядит дороже обычного.";200;;Фрукты и овощи
Персик, отборная партия;;"Мягкий ароматный персик, отборного качества; лучше хранится и выглядит дороже обычного.";205;;Фрукты и овощи
Финики, горсть, тепличный урожай;;"Горсть свежих или мягко подвяленных фиников, выращенное вне сезона; лучше хранится и выглядит дороже обычного.";205;;Фрукты и овощи
Блины, дорожная упаковка;;"Готовое блюдо; упаковано для хранения в пути.";210;;Питание и напитки
Запечённые овощи, трактирная подача;;"Готовое блюдо; простая трактирная подача.";210;;Питание и напитки
Клубника, горсть, северный сорт;;"Горсть свежей клубники, выращенное в холодном краю; лучше хранится и выглядит дороже обычного.";210;;Фрукты и овощи
Нут, 1 кг;;сухой нут;210;;Фрукты и овощи
Овощная икра, трактирная подача;;"Готовое блюдо; простая трактирная подача.";210;;Питание и напитки
Рыбная похлёбка;;Суп из речной рыбы и кореньев.;210;;Питание и напитки
Фасоль, 1 кг;;свежая или подсушенная фасоль;210;;Фрукты и овощи
Дрова, связка, ремесленная подготовка;;Связка сухих дров. Подготовлен для мастерской.;215;;Ремесленные материалы
Ложка деревянная, резная отделка;;Простая ложка. Ручная декоративная резьба.;215;;Бытовые предметы
Уголь каменный, 1 кг, мастерская партия;;Топливо для кузницы и отопления. Редко встречающееся качество и однородность.;215;;Ремесленные материалы
Гранат;;крупный гранат с множеством зёрен;220;;Фрукты и овощи
Кофе, кружка;;Крепкий горячий напиток из обжаренных зёрен.;220;;Питание и напитки
Кружка деревянная;;Деревянная кружка.;220;;Бытовые предметы
Нитки, катушка, добротное исполнение;;Катушка швейной нити. Качественные материалы.;220;;Бытовые предметы
Ромашка, сушёная связка;;"Успокаивающее и противовоспалительное применение; сырьё для настоев.";220;;Алхимия и медицина
Черника, горсть;;горсть лесной черники;220;;Фрукты и овощи
Вилка стальная, простое исполнение;;Столовая вилка. Простая работа.;225;;Бытовые предметы
Виноград, гроздь, садовый урожай;;"Небольшая гроздь столового винограда, из ухоженного сада; лучше хранится и выглядит дороже обычного.";225;;Фрукты и овощи
Иглы швейные, набор, простое исполнение;;Набор стальных игл. Простая работа.;225;;Бытовые предметы
Клубника, горсть, южный сорт;;"Горсть свежей клубники, привезённое с юга; лучше хранится и выглядит дороже обычного.";225;;Фрукты и овощи
Малина, горсть, садовый урожай;;"Горсть свежей малины, из ухоженного сада; лучше хранится и выглядит дороже обычного.";225;;Фрукты и овощи
Метла, простое исполнение;;Обычная метла. Простая работа.;225;;Бытовые предметы
Тарелка керамическая, простое исполнение;;Обычная обеденная тарелка. Простая работа.;225;;Бытовые предметы
Запечённые овощи, дорожная упаковка;;"Готовое блюдо; упаковано для хранения в пути.";230;;Питание и напитки
Клубника, горсть, тепличный урожай;;"Горсть свежей клубники, выращенное вне сезона; лучше хранится и выглядит дороже обычного.";230;;Фрукты и овощи
Масло сливочное, 200 г;;Небольшой брусок масла.;230;;Питание и напитки
Мел, 10 кусков, профессиональное исполнение;;Набор для отметок на камне и дереве. Рассчитан на постоянную работу.;230;;Снаряжение и инструменты
Овощная икра, дорожная упаковка;;"Готовое блюдо; упаковано для хранения в пути.";230;;Питание и напитки
Пепел волка, мешочек;;"[МАГИЧЕСКИЙ КОМПОНЕНТ] Порошкообразный остаток существа; используется в специализированных ритуалах и алхимии.";230;;Магические компоненты и реагенты
Свисток сигнальный, простое исполнение;;Громкий сигнальный свисток. Простое исполнение.;230;;Снаряжение и инструменты
Виноград, гроздь, северный сорт;;"Небольшая гроздь столового винограда, выращенное в холодном краю; лучше хранится и выглядит дороже обычного.";235;;Фрукты и овощи
Малина, горсть, северный сорт;;"Горсть свежей малины, выращенное в холодном краю; лучше хранится и выглядит дороже обычного.";235;;Фрукты и овощи
Варенье фруктовое, трактирная подача;;"Готовое блюдо; простая трактирная подача.";240;;Питание и напитки
Договор найма;;Типовой письменный договор.;240;;Книги, свитки и документы
Каша гречневая с грибами;;Гречка с жареными грибами.;240;;Питание и напитки
Кровь ворона, флакон;;"[МАГИЧЕСКИЙ КОМПОНЕНТ] Биологический реагент существа; используется в специализированных ритуалах и алхимии.";240;;Магические компоненты и реагенты
Лапша с овощами, трактирная подача;;"Готовое блюдо; простая трактирная подача.";240;;Питание и напитки
Мясная похлёбка;;Сытная похлёбка с кусочками мяса.;240;;Питание и напитки
Осколок кости совы;;"[МАГИЧЕСКИЙ КОМПОНЕНТ] Твёрдый ритуальный материал существа; используется в специализированных ритуалах и алхимии.";240;;Магические компоненты и реагенты
Факел, мастерское исполнение;;Смоляной факел примерно на час света. Точное качественное исполнение.;240;;Снаряжение и инструменты
Финики, горсть, отборная партия;;"Горсть свежих или мягко подвяленных фиников, отборного качества; лучше хранится и выглядит дороже обычного.";240;;Фрукты и овощи
Ложка стальная, простое исполнение;;Стальная столовая ложка. Простая работа.;245;;Бытовые предметы
Виноград, гроздь, южный сорт;;"Небольшая гроздь столового винограда, привезённое с юга; лучше хранится и выглядит дороже обычного.";250;;Фрукты и овощи
Кошель с 250 медных монет;;"Кошель, содержащий ровно 250 медных монет; ценность равна содержимому.";250;;Деньги и ценности
Малина, горсть, южный сорт;;"Горсть свежей малины, привезённое с юга; лучше хранится и выглядит дороже обычного.";250;;Фрукты и овощи
Расчёска деревянная;;Простая расчёска.;250;;Бытовые предметы
Блины с мёдом, трактирная подача;;"Готовое блюдо; простая трактирная подача.";260;;Питание и напитки
Верёвка бельевая;;Тонкая верёвка для хозяйства.;260;;Бытовые предметы
Виноград, гроздь, тепличный урожай;;"Небольшая гроздь столового винограда, выращенное вне сезона; лучше хранится и выглядит дороже обычного.";260;;Фрукты и овощи
Доска сосновая, низкий сорт;;Строительная доска. Низкое качество.;260;;Ремесленные материалы
Кружка глиняная;;Глиняная кружка.;260;;Бытовые предметы
Малина, горсть, тепличный урожай;;"Горсть свежей малины, выращенное вне сезона; лучше хранится и выглядит дороже обычного.";260;;Фрукты и овощи
Маринованные грибы, трактирная подача;;"Готовое блюдо; простая трактирная подача.";260;;Питание и напитки
Миска деревянная, добротное исполнение;;Простая деревянная миска. Качественные материалы.;260;;Бытовые предметы
Напёрсток, добротное исполнение;;Металлический напёрсток. Качественные материалы.;260;;Бытовые предметы
Перец чёрный, 50 г;;Маленький мешочек дорогой специи.;260;;Питание и напитки
Перо необычно синей птицы;;Красивое длинное перо неизвестного происхождения.;260;;Редкости, диковинки и странные предметы
Помидоры, 1 кг;;корзинка спелых томатов;260;;Фрукты и овощи
Сыр простой, 250 г;;Кусок выдержанного простого сыра.;260;;Питание и напитки
Уголь активированный, пакет;;Адсорбирующий порошок.;260;;Алхимия и медицина
Банка стеклянная, простое исполнение;;Банка с крышкой. Простая работа.;265;;Бытовые предметы
Варенье фруктовое, дорожная упаковка;;"Готовое блюдо; упаковано для хранения в пути.";265;;Питание и напитки
Лапша с овощами, дорожная упаковка;;"Готовое блюдо; упаковано для хранения в пути.";265;;Питание и напитки
Квас, бутылка;;"Бутылка напитка; обычное трактирное качество.";270;;Питание и напитки
Клубника, горсть, отборная партия;;"Горсть свежей клубники, отборного качества; лучше хранится и выглядит дороже обычного.";270;;Фрукты и овощи
Гранат, садовый урожай;;"Крупный гранат с множеством зёрен, из ухоженного сада; лучше хранится и выглядит дороже обычного.";275;;Фрукты и овощи
Желчь ворона, флакон;;"[МАГИЧЕСКИЙ КОМПОНЕНТ] Едкий органический реагент существа; используется в специализированных ритуалах и алхимии.";275;;Магические компоненты и реагенты
Пепел змеи, мешочек;;"[МАГИЧЕСКИЙ КОМПОНЕНТ] Порошкообразный остаток существа; используется в специализированных ритуалах и алхимии.";275;;Магические компоненты и реагенты
Черника, горсть, садовый урожай;;"Горсть лесной черники, из ухоженного сада; лучше хранится и выглядит дороже обычного.";275;;Фрукты и овощи
Варенье ягодное, трактирная подача;;"Готовое блюдо; простая трактирная подача.";280;;Питание и напитки
Дрова, связка, отборный сорт;;Связка сухих дров. Высокое качество.;280;;Ремесленные материалы
Осколок кости волка;;"[МАГИЧЕСКИЙ КОМПОНЕНТ] Твёрдый ритуальный материал существа; используется в специализированных ритуалах и алхимии.";280;;Магические компоненты и реагенты
Пепел ткани ворона;;[МАГИЧЕСКИЙ КОМПОНЕНТ] Обработанный органический остаток ворона.;280;;Магические компоненты и реагенты
Пирог с яблоками;;Сладкий яблочный пирог.;280;;Питание и напитки
Полынь, сушёная связка;;"Горькая лекарственная трава; сырьё для настоев.";280;;Алхимия и медицина
Блины с мёдом, дорожная упаковка;;"Готовое блюдо; упаковано для хранения в пути.";285;;Питание и напитки
Гранат, северный сорт;;"Крупный гранат с множеством зёрен, выращенное в холодном краю; лучше хранится и выглядит дороже обычного.";285;;Фрукты и овощи
Маринованные грибы, дорожная упаковка;;"Готовое блюдо; упаковано для хранения в пути.";285;;Питание и напитки
Черника, горсть, северный сорт;;"Горсть лесной черники, выращенное в холодном краю; лучше хранится и выглядит дороже обычного.";285;;Фрукты и овощи
Гороховая похлёбка, купеческая подача;;"Готовое блюдо; лучшие ингредиенты и щедрая порция.";290;;Питание и напитки
Колокольчик, простое исполнение;;Небольшой металлический колокольчик. Простое исполнение.;290;;Снаряжение и инструменты
Мешок холщовый, резная отделка;;Простой мешок. Ручная декоративная резьба.;290;;Бытовые предметы
Мыло, резная отделка;;Брусок простого мыла. Ручная декоративная резьба.;290;;Бытовые предметы
Уголь древесный, 1 кг, мастерская партия;;Топливо для очага и мастерской. Редко встречающееся качество и однородность.;290;;Ремесленные материалы
Бутылка стеклянная, простое исполнение;;Пустая стеклянная бутылка. Простая работа.;295;;Бытовые предметы
Щётка для одежды, простое исполнение;;Жёсткая щётка. Простая работа.;295;;Бытовые предметы
Кошель с 3 серебряных монет;;"Кошель, содержащий ровно 3 серебряных монет; ценность равна содержимому.";300;;Деньги и ценности
Кровь совы, флакон;;"[МАГИЧЕСКИЙ КОМПОНЕНТ] Биологический реагент существа; используется в специализированных ритуалах и алхимии.";300;;Магические компоненты и реагенты
Ореховая паста, трактирная подача;;"Готовое блюдо; простая трактирная подача.";300;;Питание и напитки
Пирог с грибами;;Пирог с лесными грибами.;300;;Питание и напитки
Виноград, гроздь, отборная партия;;"Небольшая гроздь столового винограда, отборного качества; лучше хранится и выглядит дороже обычного.";305;;Фрукты и овощи
Каша с мёдом, купеческая подача;;"Готовое блюдо; лучшие ингредиенты и щедрая порция.";305;;Питание и напитки
Малина, горсть, отборная партия;;"Горсть свежей малины, отборного качества; лучше хранится и выглядит дороже обычного.";305;;Фрукты и овощи
Варенье ягодное, дорожная упаковка;;"Готовое блюдо; упаковано для хранения в пути.";310;;Питание и напитки
Гранат, южный сорт;;"Крупный гранат с множеством зёрен, привезённое с юга; лучше хранится и выглядит дороже обычного.";310;;Фрукты и овощи
Пирог с мясом;;Небольшой мясной пирог.;310;;Питание и напитки
Пирог с сыром и зеленью;;Сытный пирог с сырной начинкой.;310;;Питание и напитки
Черника, горсть, южный сорт;;"Горсть лесной черники, привезённое с юга; лучше хранится и выглядит дороже обычного.";310;;Фрукты и овощи
Шампиньоны, 1 кг;;культивированные свежие грибы;310;;Фрукты и овощи
Холст, 1 м, низкий сорт;;Грубая ткань. Низкое качество.;315;;Ремесленные материалы
Блины с мясом, трактирная подача;;"Готовое блюдо; простая трактирная подача.";320;;Питание и напитки
Вилка стальная;;Столовая вилка.;320;;Бытовые предметы
Гранат, тепличный урожай;;"Крупный гранат с множеством зёрен, выращенное вне сезона; лучше хранится и выглядит дороже обычного.";320;;Фрукты и овощи
Иглы швейные, набор;;Набор стальных игл.;320;;Бытовые предметы
Кружка деревянная, добротное исполнение;;Деревянная кружка. Качественные материалы.;320;;Бытовые предметы
Метла;;Обычная метла.;320;;Бытовые предметы
Тарелка керамическая;;Обычная обеденная тарелка.;320;;Бытовые предметы
Тысячелистник, сушёная связка;;"Традиционно применяется для ран; сырьё для настоев.";320;;Алхимия и медицина
Черника, горсть, тепличный урожай;;"Горсть лесной черники, выращенное вне сезона; лучше хранится и выглядит дороже обычного.";320;;Фрукты и овощи
Солёные овощи, купеческая подача;;"Готовое блюдо; лучшие ингредиенты и щедрая порция.";325;;Питание и напитки
Тушёная фасоль, купеческая подача;;"Готовое блюдо; лучшие ингредиенты и щедрая порция.";325;;Питание и напитки
Ореховая паста, дорожная упаковка;;"Готовое блюдо; упаковано для хранения в пути.";330;;Питание и напитки
Пельмени, трактирная подача;;"Готовое блюдо; простая трактирная подача.";330;;Питание и напитки
Праща, учебного образца;;"Ременная праща; затуплен или ослаблен для тренировки.";330;;Оружие
Шоколад горький, плитка;;Редкое сладкое лакомство из какао.;330;;Питание и напитки
Ягодный морс, бутылка;;"Бутылка напитка; обычное трактирное качество.";330;;Питание и напитки
Мыло ароматное, простое исполнение;;Душистое мыло. Простая работа.;335;;Бытовые предметы
Нож столовый, простое исполнение;;Небольшой бытовой нож. Простая работа.;335;;Бытовые предметы
Осколок кости змеи;;"[МАГИЧЕСКИЙ КОМПОНЕНТ] Твёрдый ритуальный материал существа; используется в специализированных ритуалах и алхимии.";335;;Магические компоненты и реагенты
Пепел ткани совы;;[МАГИЧЕСКИЙ КОМПОНЕНТ] Обработанный органический остаток совы.;335;;Магические компоненты и реагенты
Щётка половая, простое исполнение;;Щётка для мытья и чистки. Простая работа.;335;;Бытовые предметы
Блины, купеческая подача;;"Готовое блюдо; лучшие ингредиенты и щедрая порция.";340;;Питание и напитки
Пирог с рыбой;;Пирог с речной рыбой и луком.;340;;Питание и напитки
Рыбное рагу, трактирная подача;;"Готовое блюдо; простая трактирная подача.";340;;Питание и напитки
Шалфей, сушёная связка;;"Ароматная лекарственная трава; сырьё для настоев.";340;;Алхимия и медицина
Желчь совы, флакон;;"[МАГИЧЕСКИЙ КОМПОНЕНТ] Едкий органический реагент существа; используется в специализированных ритуалах и алхимии.";345;;Магические компоненты и реагенты
Блины с мясом, дорожная упаковка;;"Готовое блюдо; упаковано для хранения в пути.";350;;Питание и напитки
Доска сосновая;;Строительная доска.;350;;Ремесленные материалы
Жгут;;Ременной жгут для сильного кровотечения.;350;;Алхимия и медицина
Коготь ворона;;"[МАГИЧЕСКИЙ КОМПОНЕНТ] Коготь ворона; трофейный ритуальный материал.";350;;Магические компоненты и реагенты
Кровь волка, флакон;;"[МАГИЧЕСКИЙ КОМПОНЕНТ] Биологический реагент существа; используется в специализированных ритуалах и алхимии.";350;;Магические компоненты и реагенты
Ложка стальная;;Стальная столовая ложка.;350;;Бытовые предметы
Пипетка стеклянная;;Тонкая трубка для малых доз.;350;;Алхимия и медицина
Рацион дорожный, 1 день;;Сухари, сыр, вяленое мясо и сухофрукты на день пути.;350;;Питание и напитки
Свисток сигнальный;;Громкий сигнальный свисток.;350;;Снаряжение и инструменты
Сырный пирог, трактирная подача;;"Готовое блюдо; простая трактирная подача.";350;;Питание и напитки
Тыква;;небольшая целая тыква;350;;Фрукты и овощи
Шина деревянная;;Простая шина для фиксации конечности.;350;;Алхимия и медицина
Зверобой, сушёная связка;;"Лекарственная трава для настоев; сырьё для настоев.";360;;Алхимия и медицина
Квас, кувшин;;"Кувшин напитка; обычное трактирное качество.";360;;Питание и напитки
Лист железа, 1 кг, низкий сорт;;Кусок листового железа. Низкое качество.;360;;Ремесленные материалы
Мел, 10 кусков, мастерское исполнение;;Набор для отметок на камне и дереве. Точное качественное исполнение.;360;;Снаряжение и инструменты
Мясное рагу, трактирная подача;;"Готовое блюдо; простая трактирная подача.";360;;Питание и напитки
Нитки, катушка, резная отделка;;Катушка швейной нити. Ручная декоративная резьба.;360;;Бытовые предметы
Расчёска деревянная, добротное исполнение;;Простая расчёска. Качественные материалы.;360;;Бытовые предметы
Свинец, 1 кг, низкий сорт;;Слиток свинца. Низкое качество.;360;;Ремесленные материалы
Чай с мятой, бутылка;;"Бутылка напитка; обычное трактирное качество.";360;;Питание и напитки
Ягодный пирог;;Сладкий пирог с ягодами.;360;;Питание и напитки
Пельмени, дорожная упаковка;;"Готовое блюдо; упаковано для хранения в пути.";365;;Питание и напитки
Верёвка бельевая, добротное исполнение;;Тонкая верёвка для хозяйства. Качественные материалы.;375;;Бытовые предметы
Гранат, отборная партия;;"Крупный гранат с множеством зёрен, отборного качества; лучше хранится и выглядит дороже обычного.";375;;Фрукты и овощи
Кружка глиняная, добротное исполнение;;Глиняная кружка. Качественные материалы.;375;;Бытовые предметы
Рыбное рагу, дорожная упаковка;;"Готовое блюдо; упаковано для хранения в пути.";375;;Питание и напитки
Черника, горсть, отборная партия;;"Горсть лесной черники, отборного качества; лучше хранится и выглядит дороже обычного.";375;;Фрукты и овощи
Банка стеклянная;;Банка с крышкой.;380;;Бытовые предметы
Запечённые овощи, купеческая подача;;"Готовое блюдо; лучшие ингредиенты и щедрая порция.";380;;Питание и напитки
Лапша с мясом, трактирная подача;;"Готовое блюдо; простая трактирная подача.";380;;Питание и напитки
Овощная икра, купеческая подача;;"Готовое блюдо; лучшие ингредиенты и щедрая порция.";380;;Питание и напитки
Сера очищенная, 100 г;;Очищенный химический компонент.;380;;Алхимия и медицина
Клык ворона;;"[МАГИЧЕСКИЙ КОМПОНЕНТ] Клык ворона; используется в специализированных ритуалах.";385;;Магические компоненты и реагенты
Свисток сигнальный, походное исполнение;;Громкий сигнальный свисток. Усилен для дороги.;385;;Снаряжение и инструменты
Сырный пирог, дорожная упаковка;;"Готовое блюдо; упаковано для хранения в пути.";385;;Питание и напитки
Гвозди железные, 100 шт., низкий сорт;;Мешочек обычных гвоздей. Низкое качество.;390;;Ремесленные материалы
Горшочек фасоли с копчёностями;;Запечённая фасоль с копчёным мясом.;390;;Питание и напитки
Речная рыба;;Свежая выпотрошенная рыба.;390;;Питание и напитки
Светлое пиво, бутылка;;"Бутылка напитка; обычное трактирное качество.";390;;Питание и напитки
Мясное рагу, дорожная упаковка;;"Готовое блюдо; упаковано для хранения в пути.";395;;Питание и напитки
Желчь волка, флакон;;"[МАГИЧЕСКИЙ КОМПОНЕНТ] Едкий органический реагент существа; используется в специализированных ритуалах и алхимии.";400;;Магические компоненты и реагенты
Кошель с 400 медных монет;;"Кошель, содержащий ровно 400 медных монет; ценность равна содержимому.";400;;Деньги и ценности
Пепел ткани волка;;[МАГИЧЕСКИЙ КОМПОНЕНТ] Обработанный органический остаток волка.;400;;Магические компоненты и реагенты
Бурдюк, простое исполнение;;Кожаная ёмкость для воды. Простое исполнение.;420;;Снаряжение и инструменты
Бутылка стеклянная;;Пустая стеклянная бутылка.;420;;Бытовые предметы
Доска сосновая, ремесленная подготовка;;Строительная доска. Подготовлен для мастерской.;420;;Ремесленные материалы
Коготь совы;;"[МАГИЧЕСКИЙ КОМПОНЕНТ] Коготь совы; трофейный ритуальный материал.";420;;Магические компоненты и реагенты
Корица, 50 г;;Ароматная привозная пряность.;420;;Питание и напитки
Кровь змеи, флакон;;"[МАГИЧЕСКИЙ КОМПОНЕНТ] Биологический реагент существа; используется в специализированных ритуалах и алхимии.";420;;Магические компоненты и реагенты
Курица сырая;;Разделанная тушка курицы.;420;;Питание и напитки
Лапша с мясом, дорожная упаковка;;"Готовое блюдо; упаковано для хранения в пути.";420;;Питание и напитки
Мёд, банка;;Банка цветочного мёда.;420;;Питание и напитки
Огниво, простое исполнение;;Набор для разведения огня. Простое исполнение.;420;;Снаряжение и инструменты
Пакет перевязочный;;Бинт и впитывающая прокладка.;420;;Алхимия и медицина
Пепел медведя, мешочек;;"[МАГИЧЕСКИЙ КОМПОНЕНТ] Порошкообразный остаток существа; используется в специализированных ритуалах и алхимии.";420;;Магические компоненты и реагенты
Пепел скорпиона, мешочек;;"[МАГИЧЕСКИЙ КОМПОНЕНТ] Порошкообразный остаток существа; используется в специализированных ритуалах и алхимии.";420;;Магические компоненты и реагенты
Пирог с орехами и мёдом;;Сладкий пирог с орехами и мёдом.;420;;Питание и напитки
Сырная тарелка, трактирная подача;;"Готовое блюдо; простая трактирная подача.";420;;Питание и напитки
Холст, 1 м;;Грубая ткань.;420;;Ремесленные материалы
Щётка для одежды;;Жёсткая щётка.;420;;Бытовые предметы
Варенье фруктовое, купеческая подача;;"Готовое блюдо; лучшие ингредиенты и щедрая порция.";430;;Питание и напитки
Дрова, связка, мастерская партия;;Связка сухих дров. Редко встречающееся качество и однородность.;430;;Ремесленные материалы
Лапша с овощами, купеческая подача;;"Готовое блюдо; лучшие ингредиенты и щедрая порция.";430;;Питание и напитки
Миска деревянная, резная отделка;;Простая деревянная миска. Ручная декоративная резьба.;430;;Бытовые предметы
Напёрсток, резная отделка;;Металлический напёрсток. Ручная декоративная резьба.;430;;Бытовые предметы
Сушёная рыба, трактирная подача;;"Готовое блюдо; простая трактирная подача.";430;;Питание и напитки
Сыр козий молодой;;Мягкий молодой козий сыр.;430;;Питание и напитки
Ягодный морс, кувшин;;"Кувшин напитка; обычное трактирное качество.";440;;Питание и напитки
Валериана, сушёная связка;;"Успокаивающее действие; сырьё для настоев.";450;;Алхимия и медицина
Завещание;;Юридически оформленное распоряжение имуществом.;450;;Книги, свитки и документы
Записная книжка;;Небольшая книжка для заметок.;450;;Книги, свитки и документы
Колокольчик;;Небольшой металлический колокольчик.;450;;Снаряжение и инструменты
Нить хирургическая;;Прочная стерилизованная нить.;450;;Алхимия и медицина
Яблочный сок, бутылка;;"Бутылка напитка; обычное трактирное качество.";450;;Питание и напитки
Корзина плетёная, простое исполнение;;Плетёная корзина. Простая работа.;455;;Бытовые предметы
Кувшин глиняный, простое исполнение;;Кувшин для воды или напитка. Простая работа.;455;;Бытовые предметы
Клык совы;;"[МАГИЧЕСКИЙ КОМПОНЕНТ] Клык совы; используется в специализированных ритуалах.";460;;Магические компоненты и реагенты
Сухой паёк рыбака;;Сухари, сушёная рыба, лук и соль на день.;460;;Питание и напитки
Сырная тарелка, дорожная упаковка;;"Готовое блюдо; упаковано для хранения в пути.";460;;Питание и напитки
Вилка стальная, добротное исполнение;;Столовая вилка. Качественные материалы.;465;;Бытовые предметы
Иглы швейные, набор, добротное исполнение;;Набор стальных игл. Качественные материалы.;465;;Бытовые предметы
Метла, добротное исполнение;;Обычная метла. Качественные материалы.;465;;Бытовые предметы
Тарелка керамическая, добротное исполнение;;Обычная обеденная тарелка. Качественные материалы.;465;;Бытовые предметы
Блины с мёдом, купеческая подача;;"Готовое блюдо; лучшие ингредиенты и щедрая порция.";470;;Питание и напитки
Дыня, дикий сбор;;"Целая ароматная дыня, собранное в дикой местности; лучше хранится и выглядит дороже обычного.";470;;Фрукты и овощи
Маринованные грибы, купеческая подача;;"Готовое блюдо; лучшие ингредиенты и щедрая порция.";470;;Питание и напитки
Сушёная рыба, дорожная упаковка;;"Готовое блюдо; упаковано для хранения в пути.";475;;Питание и напитки
Грибы лесные, корзинка;;корзинка съедобных лесных грибов;480;;Фрукты и овощи
Копчёности, трактирная подача;;"Готовое блюдо; простая трактирная подача.";480;;Питание и напитки
Лист железа, 1 кг;;Кусок листового железа.;480;;Ремесленные материалы
Мыло ароматное;;Душистое мыло.;480;;Бытовые предметы
Нож столовый;;Небольшой бытовой нож.;480;;Бытовые предметы
Рагу из кролика с кореньями;;Густое рагу из кролика и корнеплодов.;480;;Питание и напитки
Свинец, 1 кг;;Слиток свинца.;480;;Ремесленные материалы
Тёмное пиво, бутылка;;"Бутылка напитка; обычное трактирное качество.";480;;Питание и напитки
Чай с мятой, кувшин;;"Кувшин напитка; обычное трактирное качество.";480;;Питание и напитки
Щётка половая;;Щётка для мытья и чистки.;480;;Бытовые предметы
Желчь змеи, флакон;;"[МАГИЧЕСКИЙ КОМПОНЕНТ] Едкий органический реагент существа; используется в специализированных ритуалах и алхимии.";485;;Магические компоненты и реагенты
Льняная ткань, 1 м, низкий сорт;;Прочная лёгкая ткань. Низкое качество.;490;;Ремесленные материалы
Лён, 1 кг, низкий сорт;;Волокно или пряжа для ткани. Низкое качество.;490;;Ремесленные материалы
Проволока железная, 10 м, низкий сорт;;Катушка мягкой железной проволоки. Низкое качество.;490;;Ремесленные материалы
Дротик, учебного образца;;"Короткое метательное оружие; затуплен или ослаблен для тренировки.";495;;Оружие
Дубинка, учебного образца;;"Простое лёгкое дробящее оружие; затуплен или ослаблен для тренировки.";495;;Оружие
Колокольчик, походное исполнение;;Небольшой металлический колокольчик. Усилен для дороги.;495;;Снаряжение и инструменты
5 серебряных монет;;Пять серебряных монет.;500;;Деньги и ценности
Варенье ягодное, купеческая подача;;"Готовое блюдо; лучшие ингредиенты и щедрая порция.";500;;Питание и напитки
Жетон из дерева с засечками по краю;;"Маленький жетон с неизвестным знаком; с засечками по краю. Магических свойств не обнаружено.";500;;Редкости, диковинки и странные предметы
Жетон из дерева с изображением ворона;;"Маленький жетон с неизвестным знаком; с изображением ворона. Магических свойств не обнаружено.";500;;Редкости, диковинки и странные предметы
Жетон из дерева с изображением луны;;"Маленький жетон с неизвестным знаком; с изображением луны. Магических свойств не обнаружено.";500;;Редкости, диковинки и странные предметы
Жетон из дерева с картой острова;;"Маленький жетон с неизвестным знаком; с картой острова. Магических свойств не обнаружено.";500;;Редкости, диковинки и странные предметы
Жетон из дерева с неизвестной буквой;;"Маленький жетон с неизвестным знаком; с неизвестной буквой. Магических свойств не обнаружено.";500;;Редкости, диковинки и странные предметы
Жетон из дерева с семью точками;;"Маленький жетон с неизвестным знаком; с семью точками. Магических свойств не обнаружено.";500;;Редкости, диковинки и странные предметы
Жетон из дерева с тремя глазами;;"Маленький жетон с неизвестным знаком; с тремя глазами. Магических свойств не обнаружено.";500;;Редкости, диковинки и странные предметы
Жетон из дерева со спиралью;;"Маленький жетон с неизвестным знаком; со спиралью. Магических свойств не обнаружено.";500;;Редкости, диковинки и странные предметы
Коготь волка;;"[МАГИЧЕСКИЙ КОМПОНЕНТ] Коготь волка; трофейный ритуальный материал.";500;;Магические компоненты и реагенты
Солевой раствор;;Профессиональное средство или оборудование для лекаря и алхимика.;500;;Алхимия и медицина
Холст, 1 м, ремесленная подготовка;;Грубая ткань. Подготовлен для мастерской.;500;;Ремесленные материалы
Гороховая похлёбка, дворянская подача;;"Готовое блюдо; дорогие ингредиенты и тонкая подача.";510;;Питание и напитки
Грушевый сидр, бутылка;;"Бутылка напитка; обычное трактирное качество.";510;;Питание и напитки
Ложка стальная, добротное исполнение;;Стальная столовая ложка. Качественные материалы.;510;;Бытовые предметы
Чай с мёдом, бутылка;;"Бутылка напитка; обычное трактирное качество.";510;;Питание и напитки
Гвозди железные, 100 шт.;;Мешочек обычных гвоздей.;520;;Ремесленные материалы
Дыня;;целая ароматная дыня;520;;Фрукты и овощи
Жаркое, трактирная подача;;"Готовое блюдо; простая трактирная подача.";520;;Питание и напитки
Известь, мешок;;Строительный материал.;520;;Ремесленные материалы
Медовуха, бутылка;;Сладкий медовый алкогольный напиток.;520;;Питание и напитки
Осколок кости медведя;;"[МАГИЧЕСКИЙ КОМПОНЕНТ] Твёрдый ритуальный материал существа; используется в специализированных ритуалах и алхимии.";520;;Магические компоненты и реагенты
Осколок кости скорпиона;;"[МАГИЧЕСКИЙ КОМПОНЕНТ] Твёрдый ритуальный материал существа; используется в специализированных ритуалах и алхимии.";520;;Магические компоненты и реагенты
Пепел ткани змеи;;[МАГИЧЕСКИЙ КОМПОНЕНТ] Обработанный органический остаток змеи.;520;;Магические компоненты и реагенты
Светлое пиво, кувшин;;"Кувшин напитка; обычное трактирное качество.";520;;Питание и напитки
Смола, банка;;Природная смола для герметизации.;520;;Ремесленные материалы
Спирт медицинский, флакон;;Крепкий спиртовой раствор для обработки.;520;;Алхимия и медицина
Сухой паёк шахтёра;;Плотный хлеб, сыр, сало и солёные овощи.;520;;Питание и напитки
Сушёное мясо, трактирная подача;;"Готовое блюдо; простая трактирная подача.";520;;Питание и напитки
Копчёности, дорожная упаковка;;"Готовое блюдо; упаковано для хранения в пути.";530;;Питание и напитки
Кружка деревянная, резная отделка;;Деревянная кружка. Ручная декоративная резьба.;530;;Бытовые предметы
Виноградный сок, бутылка;;"Бутылка напитка; обычное трактирное качество.";540;;Питание и напитки
Доска сосновая, отборный сорт;;Строительная доска. Высокое качество.;540;;Ремесленные материалы
Каша с мёдом, дворянская подача;;"Готовое блюдо; дорогие ингредиенты и тонкая подача.";540;;Питание и напитки
Ореховая паста, купеческая подача;;"Готовое блюдо; лучшие ингредиенты и щедрая порция.";540;;Питание и напитки
Пряный эль, бутылка;;"Бутылка напитка; обычное трактирное качество.";540;;Питание и напитки
Сыр с травами;;Полутвёрдый сыр с пряными травами.;540;;Питание и напитки
Банка стеклянная, добротное исполнение;;Банка с крышкой. Качественные материалы.;550;;Бытовые предметы
Железные шипы, 10 шт., простое исполнение;;Набор крепёжных шипов. Простое исполнение.;550;;Снаряжение и инструменты
Клык волка;;"[МАГИЧЕСКИЙ КОМПОНЕНТ] Клык волка; используется в специализированных ритуалах.";550;;Магические компоненты и реагенты
Чернила, флакон, простое исполнение;;Письменные чернила. Простое исполнение.;550;;Снаряжение и инструменты
Запечённая рыба, трактирная подача;;"Готовое блюдо; простая трактирная подача.";560;;Питание и напитки
Жаркое, дорожная упаковка;;"Готовое блюдо; упаковано для хранения в пути.";570;;Питание и напитки
Сушёное мясо, дорожная упаковка;;"Готовое блюдо; упаковано для хранения в пути.";570;;Питание и напитки
Арбуз, дикий сбор;;"Целый средний арбуз, собранное в дикой местности; лучше хранится и выглядит дороже обычного.";580;;Фрукты и овощи
Блины с мясом, купеческая подача;;"Готовое блюдо; лучшие ингредиенты и щедрая порция.";580;;Питание и напитки
Карта местности, простое исполнение;;Бумажная карта одного района. Простое исполнение.;580;;Снаряжение и инструменты
Крапива, порошок;;"Витаминная и кровоостанавливающая трава; измельчённое сухое сырьё.";580;;Алхимия и медицина
Лист железа, 1 кг, ремесленная подготовка;;Кусок листового железа. Подготовлен для мастерской.;580;;Ремесленные материалы
Подшипники, мешочек, простое исполнение;;Мешочек мелких металлических шариков. Простое исполнение.;580;;Снаряжение и инструменты
Свинец, 1 кг, ремесленная подготовка;;Слиток свинца. Подготовлен для мастерской.;580;;Ремесленные материалы
Солёные овощи, дворянская подача;;"Готовое блюдо; дорогие ингредиенты и тонкая подача.";580;;Питание и напитки
Тушёная фасоль, дворянская подача;;"Готовое блюдо; дорогие ингредиенты и тонкая подача.";580;;Питание и напитки
Фляга, простое исполнение;;Небольшая фляга для воды. Простое исполнение.;580;;Снаряжение и инструменты
Пельмени, купеческая подача;;"Готовое блюдо; лучшие ингредиенты и щедрая порция.";590;;Питание и напитки
Сухой паёк охотника;;Сухари, вяленое мясо, орехи и сухофрукты.;590;;Питание и напитки
Кружка оловянная, простое исполнение;;Металлическая кружка. Простая работа.;600;;Бытовые предметы
Праща;;Ременная праща.;600;;Оружие
Расчёска деревянная, резная отделка;;Простая расчёска. Ручная декоративная резьба.;600;;Бытовые предметы
Свидетельство о рождении;;Официальная запись происхождения.;600;;Книги, свитки и документы
Таз, простое исполнение;;Металлический или деревянный таз. Простая работа.;600;;Бытовые предметы
Тетрадь учётная;;Прошитая книга для записей и счетов.;600;;Книги, свитки и документы
Яблочный сок, кувшин;;"Кувшин напитка; обычное трактирное качество.";600;;Питание и напитки
Блины, дворянская подача;;"Готовое блюдо; дорогие ингредиенты и тонкая подача.";610;;Питание и напитки
Бутылка стеклянная, добротное исполнение;;Пустая стеклянная бутылка. Качественные материалы.;610;;Бытовые предметы
Мята, порошок;;"Освежающее и желудочное применение; измельчённое сухое сырьё.";610;;Алхимия и медицина
Рыбное рагу, купеческая подача;;"Готовое блюдо; лучшие ингредиенты и щедрая порция.";610;;Питание и напитки
Щётка для одежды, добротное исполнение;;Жёсткая щётка. Качественные материалы.;610;;Бытовые предметы
Верёвка бельевая, резная отделка;;Тонкая верёвка для хозяйства. Ручная декоративная резьба.;620;;Бытовые предметы
Гвозди железные, 100 шт., ремесленная подготовка;;Мешочек обычных гвоздей. Подготовлен для мастерской.;620;;Ремесленные материалы
Запечённая рыба, дорожная упаковка;;"Готовое блюдо; упаковано для хранения в пути.";620;;Питание и напитки
Колбаса копчёная;;Копчёная колбаса, долго хранится.;620;;Питание и напитки
Кружка глиняная, резная отделка;;Глиняная кружка. Ручная декоративная резьба.;620;;Бытовые предметы
Мясной рулет, трактирная подача;;"Готовое блюдо; простая трактирная подача.";620;;Питание и напитки
Настойка травяная, кружка;;"Кружка напитка; обычное трактирное качество.";620;;Питание и напитки
Рагу из баранины с репой;;Сытное рагу из баранины и репы.;620;;Питание и напитки
Сыр копчёный;;Плотный сыр с копчёным вкусом.;620;;Питание и напитки
Ведро деревянное, простое исполнение;;Прочное ведро. Простая работа.;630;;Бытовые предметы
Праща, походного образца;;"Ременная праща; простой, надёжный и ремонтопригодный.";630;;Оружие
Простыня, простое исполнение;;Льняная простыня. Простая работа.;630;;Бытовые предметы
Сырный пирог, купеческая подача;;"Готовое блюдо; лучшие ингредиенты и щедрая порция.";630;;Питание и напитки
Доска дубовая, низкий сорт;;Прочная дубовая доска. Низкое качество.;640;;Ремесленные материалы
Тёмное пиво, кувшин;;"Кувшин напитка; обычное трактирное качество.";640;;Питание и напитки
Арбуз;;целый средний арбуз;650;;Фрукты и овощи
Бурдюк;;Кожаная ёмкость для воды.;650;;Снаряжение и инструменты
Дыня, садовый урожай;;"Целая ароматная дыня, из ухоженного сада; лучше хранится и выглядит дороже обычного.";650;;Фрукты и овощи
Жетон из кости с засечками по краю;;"Маленький жетон с неизвестным знаком; с засечками по краю. Магических свойств не обнаружено.";650;;Редкости, диковинки и странные предметы
Жетон из кости с изображением ворона;;"Маленький жетон с неизвестным знаком; с изображением ворона. Магических свойств не обнаружено.";650;;Редкости, диковинки и странные предметы
Жетон из кости с изображением луны;;"Маленький жетон с неизвестным знаком; с изображением луны. Магических свойств не обнаружено.";650;;Редкости, диковинки и странные предметы
Жетон из кости с картой острова;;"Маленький жетон с неизвестным знаком; с картой острова. Магических свойств не обнаружено.";650;;Редкости, диковинки и странные предметы
Жетон из кости с неизвестной буквой;;"Маленький жетон с неизвестным знаком; с неизвестной буквой. Магических свойств не обнаружено.";650;;Редкости, диковинки и странные предметы
Жетон из кости с семью точками;;"Маленький жетон с неизвестным знаком; с семью точками. Магических свойств не обнаружено.";650;;Редкости, диковинки и странные предметы
Жетон из кости с тремя глазами;;"Маленький жетон с неизвестным знаком; с тремя глазами. Магических свойств не обнаружено.";650;;Редкости, диковинки и странные предметы
Жетон из кости со спиралью;;"Маленький жетон с неизвестным знаком; со спиралью. Магических свойств не обнаружено.";650;;Редкости, диковинки и странные предметы
Керамическая глина, 10 кг;;Подготовленная глина.;650;;Ремесленные материалы
Коготь змеи;;"[МАГИЧЕСКИЙ КОМПОНЕНТ] Коготь змеи; трофейный ритуальный материал.";650;;Магические компоненты и реагенты
Корзина плетёная;;Плетёная корзина.;650;;Бытовые предметы
Кровь медведя, флакон;;"[МАГИЧЕСКИЙ КОМПОНЕНТ] Биологический реагент существа; используется в специализированных ритуалах и алхимии.";650;;Магические компоненты и реагенты
Кровь скорпиона, флакон;;"[МАГИЧЕСКИЙ КОМПОНЕНТ] Биологический реагент существа; используется в специализированных ритуалах и алхимии.";650;;Магические компоненты и реагенты
Крошечный череп грызуна в стекле;;Аккуратно сохранённый анатомический образец.;650;;Редкости, диковинки и странные предметы
Кубик из дерева с засечками по краю;;"Игральный кубик с необычной разметкой; с засечками по краю. Магических свойств не обнаружено.";650;;Редкости, диковинки и странные предметы
Кубик из дерева с изображением ворона;;"Игральный кубик с необычной разметкой; с изображением ворона. Магических свойств не обнаружено.";650;;Редкости, диковинки и странные предметы
Кубик из дерева с изображением луны;;"Игральный кубик с необычной разметкой; с изображением луны. Магических свойств не обнаружено.";650;;Редкости, диковинки и странные предметы
Кубик из дерева с картой острова;;"Игральный кубик с необычной разметкой; с картой острова. Магических свойств не обнаружено.";650;;Редкости, диковинки и странные предметы
Кубик из дерева с неизвестной буквой;;"Игральный кубик с необычной разметкой; с неизвестной буквой. Магических свойств не обнаружено.";650;;Редкости, диковинки и странные предметы
Кубик из дерева с семью точками;;"Игральный кубик с необычной разметкой; с семью точками. Магических свойств не обнаружено.";650;;Редкости, диковинки и странные предметы
Кубик из дерева с тремя глазами;;"Игральный кубик с необычной разметкой; с тремя глазами. Магических свойств не обнаружено.";650;;Редкости, диковинки и странные предметы
Кубик из дерева со спиралью;;"Игральный кубик с необычной разметкой; со спиралью. Магических свойств не обнаружено.";650;;Редкости, диковинки и странные предметы
Кувшин глиняный;;Кувшин для воды или напитка.;650;;Бытовые предметы
Льняная ткань, 1 м;;Прочная лёгкая ткань.;650;;Ремесленные материалы
Лён, 1 кг;;Волокно или пряжа для ткани.;650;;Ремесленные материалы
Мясное рагу, купеческая подача;;"Готовое блюдо; лучшие ингредиенты и щедрая порция.";650;;Питание и напитки
Огниво;;Набор для разведения огня.;650;;Снаряжение и инструменты
Подсвечник;;Простой металлический подсвечник.;650;;Бытовые предметы
Проволока железная, 10 м;;Катушка мягкой железной проволоки.;650;;Ремесленные материалы
Раствор для промывания ран;;Профессиональное средство или оборудование для лекаря и алхимика.;650;;Алхимия и медицина
Рацион хороший, 1 день;;Более разнообразный дорожный рацион с мясом, сыром и сладким.;650;;Питание и напитки
Селитра, 500 г;;Очищенная селитра для ремесла и алхимии.;650;;Алхимия и медицина
Холст, 1 м, отборный сорт;;Грубая ткань. Высокое качество.;650;;Ремесленные материалы
Свисток сигнальный, профессиональное исполнение;;Громкий сигнальный свисток. Рассчитан на постоянную работу.;660;;Снаряжение и инструменты
Запечённые овощи, дворянская подача;;"Готовое блюдо; дорогие ингредиенты и тонкая подача.";670;;Питание и напитки
Овощная икра, дворянская подача;;"Готовое блюдо; дорогие ингредиенты и тонкая подача.";670;;Питание и напитки
Брус деревянный, низкий сорт;;Строительный деревянный брус. Низкое качество.;680;;Ремесленные материалы
Грушевый сидр, кувшин;;"Кувшин напитка; обычное трактирное качество.";680;;Питание и напитки
Дыня, северный сорт;;"Целая ароматная дыня, выращенное в холодном краю; лучше хранится и выглядит дороже обычного.";680;;Фрукты и овощи
Краска чёрная, банка, низкий сорт;;Пигмент и связующее для отделки. Низкое качество.;680;;Ремесленные материалы
Лапша с мясом, купеческая подача;;"Готовое блюдо; лучшие ингредиенты и щедрая порция.";680;;Питание и напитки
Морская рыба;;Привозная морская рыба.;680;;Питание и напитки
Мясной рулет, дорожная упаковка;;"Готовое блюдо; упаковано для хранения в пути.";680;;Питание и напитки
Настойка антисептическая;;Травяная обеззараживающая настойка.;680;;Алхимия и медицина
Свинина, 1 кг;;Кусок свежей свинины.;680;;Питание и напитки
Чай с мёдом, кувшин;;"Кувшин напитка; обычное трактирное качество.";680;;Питание и напитки
Шерсть, 1 кг, низкий сорт;;Очищенная овечья шерсть. Низкое качество.;680;;Ремесленные материалы
Шерстяная ткань, 1 м, низкий сорт;;Тёплая ткань. Низкое качество.;680;;Ремесленные материалы
Игла хирургическая;;Тонкая изогнутая игла.;700;;Алхимия и медицина
Кошель с 7 серебряных монет;;"Кошель, содержащий ровно 7 серебряных монет; ценность равна содержимому.";700;;Деньги и ценности
Мыло ароматное, добротное исполнение;;Душистое мыло. Качественные материалы.;700;;Бытовые предметы
Нож столовый, добротное исполнение;;Небольшой бытовой нож. Качественные материалы.;700;;Бытовые предметы
Порошок календулы;;"Аптекарское средство из календулы; для приготовления лечебных смесей.";700;;Алхимия и медицина
Порошок крапивы;;"Аптекарское средство из крапивы; для приготовления лечебных смесей.";700;;Алхимия и медицина
Порошок можжевельника;;"Аптекарское средство из можжевельника; для приготовления лечебных смесей.";700;;Алхимия и медицина
Порошок мяты;;"Аптекарское средство из мяты; для приготовления лечебных смесей.";700;;Алхимия и медицина
Порошок окопника;;"Аптекарское средство из окопника; для приготовления лечебных смесей.";700;;Алхимия и медицина
Порошок полыни;;"Аптекарское средство из полыни; для приготовления лечебных смесей.";700;;Алхимия и медицина
Порошок ромашки;;"Аптекарское средство из ромашки; для приготовления лечебных смесей.";700;;Алхимия и медицина
Порошок тысячелистника;;"Аптекарское средство из тысячелистника; для приготовления лечебных смесей.";700;;Алхимия и медицина
Порошок шалфея;;"Аптекарское средство из шалфея; для приготовления лечебных смесей.";700;;Алхимия и медицина
Шарик из дерева с засечками по краю;;"Идеально круглый шарик ручной работы; с засечками по краю. Магических свойств не обнаружено.";700;;Редкости, диковинки и странные предметы
Шарик из дерева с изображением ворона;;"Идеально круглый шарик ручной работы; с изображением ворона. Магических свойств не обнаружено.";700;;Редкости, диковинки и странные предметы
Шарик из дерева с изображением луны;;"Идеально круглый шарик ручной работы; с изображением луны. Магических свойств не обнаружено.";700;;Редкости, диковинки и странные предметы
Шарик из дерева с картой острова;;"Идеально круглый шарик ручной работы; с картой острова. Магических свойств не обнаружено.";700;;Редкости, диковинки и странные предметы
Шарик из дерева с неизвестной буквой;;"Идеально круглый шарик ручной работы; с неизвестной буквой. Магических свойств не обнаружено.";700;;Редкости, диковинки и странные предметы
Шарик из дерева с семью точками;;"Идеально круглый шарик ручной работы; с семью точками. Магических свойств не обнаружено.";700;;Редкости, диковинки и странные предметы
Шарик из дерева с тремя глазами;;"Идеально круглый шарик ручной работы; с тремя глазами. Магических свойств не обнаружено.";700;;Редкости, диковинки и странные предметы
Шарик из дерева со спиралью;;"Идеально круглый шарик ручной работы; со спиралью. Магических свойств не обнаружено.";700;;Редкости, диковинки и странные предметы
Щётка половая, добротное исполнение;;Щётка для мытья и чистки. Качественные материалы.;700;;Бытовые предметы
Краска белая, банка, низкий сорт;;Пигмент и связующее для отделки. Низкое качество.;710;;Ремесленные материалы
Сталь, 1 кг, низкий сорт;;Заготовка качественной стали. Низкое качество.;710;;Ремесленные материалы
Бурдюк, походное исполнение;;Кожаная ёмкость для воды. Усилен для дороги.;720;;Снаряжение и инструменты
Виноградный сок, кувшин;;"Кувшин напитка; обычное трактирное качество.";720;;Питание и напитки
Клык змеи;;"[МАГИЧЕСКИЙ КОМПОНЕНТ] Клык змеи; используется в специализированных ритуалах.";720;;Магические компоненты и реагенты
Огниво, походное исполнение;;Набор для разведения огня. Усилен для дороги.;720;;Снаряжение и инструменты
Пепел ткани медведя;;[МАГИЧЕСКИЙ КОМПОНЕНТ] Обработанный органический остаток медведя.;720;;Магические компоненты и реагенты
Пепел ткани скорпиона;;[МАГИЧЕСКИЙ КОМПОНЕНТ] Обработанный органический остаток скорпиона.;720;;Магические компоненты и реагенты
Пряный эль, кувшин;;"Кувшин напитка; обычное трактирное качество.";720;;Питание и напитки
Сыр выдержанный, 250 г;;Плотный сыр длительной выдержки.;720;;Питание и напитки
Дыня, южный сорт;;"Целая ароматная дыня, привезённое с юга; лучше хранится и выглядит дороже обычного.";730;;Фрукты и овощи
Вяленое мясо, 500 г;;Плотно высушенное мясо для дороги.;740;;Питание и напитки
Лист железа, 1 кг, отборный сорт;;Кусок листового железа. Высокое качество.;740;;Ремесленные материалы
Свинец, 1 кг, отборный сорт;;Слиток свинца. Высокое качество.;740;;Ремесленные материалы
Дыня, тепличный урожай;;"Целая ароматная дыня, выращенное вне сезона; лучше хранится и выглядит дороже обычного.";750;;Фрукты и овощи
Желчь медведя, флакон;;"[МАГИЧЕСКИЙ КОМПОНЕНТ] Едкий органический реагент существа; используется в специализированных ритуалах и алхимии.";750;;Магические компоненты и реагенты
Желчь скорпиона, флакон;;"[МАГИЧЕСКИЙ КОМПОНЕНТ] Едкий органический реагент существа; используется в специализированных ритуалах и алхимии.";750;;Магические компоненты и реагенты
Клей столярный;;Клей для дерева и кожи.;750;;Ремесленные материалы
Кошель с 750 медных монет;;"Кошель, содержащий ровно 750 медных монет; ценность равна содержимому.";750;;Деньги и ценности
Ромашка, порошок;;"Успокаивающее и противовоспалительное применение; измельчённое сухое сырьё.";750;;Алхимия и медицина
Копчёная рыба;;Копчёная рыба длительного хранения.;760;;Питание и напитки
Крапива, настойка;;"Витаминная и кровоостанавливающая трава; готовый спиртовой экстракт.";760;;Алхимия и медицина
Сырная тарелка, купеческая подача;;"Готовое блюдо; лучшие ингредиенты и щедрая порция.";760;;Питание и напитки
Варенье фруктовое, дворянская подача;;"Готовое блюдо; дорогие ингредиенты и тонкая подача.";770;;Питание и напитки
Вилка стальная, резная отделка;;Столовая вилка. Ручная декоративная резьба.;770;;Бытовые предметы
Иглы швейные, набор, резная отделка;;Набор стальных игл. Ручная декоративная резьба.;770;;Бытовые предметы
Лапша с овощами, дворянская подача;;"Готовое блюдо; дорогие ингредиенты и тонкая подача.";770;;Питание и напитки
Метла, резная отделка;;Обычная метла. Ручная декоративная резьба.;770;;Бытовые предметы
Расчёска костяная, простое исполнение;;Тонкая резная расчёска. Простая работа.;770;;Бытовые предметы
Сушёная рыба, купеческая подача;;"Готовое блюдо; лучшие ингредиенты и щедрая порция.";770;;Питание и напитки
Тарелка керамическая, резная отделка;;Обычная обеденная тарелка. Ручная декоративная резьба.;770;;Бытовые предметы
Курица жареная;;Целая жареная курица со специями.;780;;Питание и напитки
Льняная ткань, 1 м, ремесленная подготовка;;Прочная лёгкая ткань. Подготовлен для мастерской.;780;;Ремесленные материалы
Лён, 1 кг, ремесленная подготовка;;Волокно или пряжа для ткани. Подготовлен для мастерской.;780;;Ремесленные материалы
Молоток, простое исполнение;;Обычный рабочий молоток. Простое исполнение.;780;;Снаряжение и инструменты
Пепел гигантского паука, мешочек;;"[МАГИЧЕСКИЙ КОМПОНЕНТ] Порошкообразный остаток существа; используется в специализированных ритуалах и алхимии.";780;;Магические компоненты и реагенты
Проволока железная, 10 м, ремесленная подготовка;;Катушка мягкой железной проволоки. Подготовлен для мастерской.;780;;Ремесленные материалы
Кислота слабая, флакон;;Едкий раствор для ремесленных и алхимических работ.;800;;Алхимия и медицина
Средство от тошноты;;Профессиональное средство или оборудование для лекаря и алхимика.;800;;Алхимия и медицина
Арбуз, садовый урожай;;"Целый средний арбуз, из ухоженного сада; лучше хранится и выглядит дороже обычного.";810;;Фрукты и овощи
Гвозди железные, 100 шт., отборный сорт;;Мешочек обычных гвоздей. Высокое качество.;810;;Ремесленные материалы
Мята, настойка;;"Освежающее и желудочное применение; готовый спиртовой экстракт.";810;;Алхимия и медицина
Праща, военного образца;;"Ременная праща; усиленная сборка и лучшее качество стали.";810;;Оружие
Медь, 1 кг, низкий сорт;;Слиток или заготовка меди. Низкое качество.;820;;Ремесленные материалы
Хлопок, 1 кг, низкий сорт;;Очищенное растительное волокно. Низкое качество.;820;;Ремесленные материалы
Блины с мёдом, дворянская подача;;"Готовое блюдо; дорогие ингредиенты и тонкая подача.";830;;Питание и напитки
Маринованные грибы, дворянская подача;;"Готовое блюдо; дорогие ингредиенты и тонкая подача.";830;;Питание и напитки
Арбуз, северный сорт;;"Целый средний арбуз, выращенное в холодном краю; лучше хранится и выглядит дороже обычного.";840;;Фрукты и овощи
Доска сосновая, мастерская партия;;Строительная доска. Редко встречающееся качество и однородность.;840;;Ремесленные материалы
Кубик из кости с засечками по краю;;"Игральный кубик с необычной разметкой; с засечками по краю. Магических свойств не обнаружено.";840;;Редкости, диковинки и странные предметы
Кубик из кости с изображением ворона;;"Игральный кубик с необычной разметкой; с изображением ворона. Магических свойств не обнаружено.";840;;Редкости, диковинки и странные предметы
Кубик из кости с изображением луны;;"Игральный кубик с необычной разметкой; с изображением луны. Магических свойств не обнаружено.";840;;Редкости, диковинки и странные предметы
Кубик из кости с картой острова;;"Игральный кубик с необычной разметкой; с картой острова. Магических свойств не обнаружено.";840;;Редкости, диковинки и странные предметы
Кубик из кости с неизвестной буквой;;"Игральный кубик с необычной разметкой; с неизвестной буквой. Магических свойств не обнаружено.";840;;Редкости, диковинки и странные предметы
Кубик из кости с семью точками;;"Игральный кубик с необычной разметкой; с семью точками. Магических свойств не обнаружено.";840;;Редкости, диковинки и странные предметы
Кубик из кости с тремя глазами;;"Игральный кубик с необычной разметкой; с тремя глазами. Магических свойств не обнаружено.";840;;Редкости, диковинки и странные предметы
Кубик из кости со спиралью;;"Игральный кубик с необычной разметкой; со спиралью. Магических свойств не обнаружено.";840;;Редкости, диковинки и странные предметы
Ложка стальная, резная отделка;;Стальная столовая ложка. Ручная декоративная резьба.;840;;Бытовые предметы
Подушка, простое исполнение;;Набивная подушка. Простая работа.;840;;Бытовые предметы
Баранина, 1 кг;;Кусок свежей баранины.;850;;Питание и напитки
Вино столовое, бутылка;;Бутылка обычного вина.;850;;Питание и напитки
Доска дубовая;;Прочная дубовая доска.;850;;Ремесленные материалы
Железные шипы, 10 шт.;;Набор крепёжных шипов.;850;;Снаряжение и инструменты
Кружка оловянная;;Металлическая кружка.;850;;Бытовые предметы
Мел серебряный;;[МАГИЧЕСКИЙ КОМПОНЕНТ] Мел с серебряной пылью для защитных кругов.;850;;Магические компоненты и реагенты
Свисток из дерева с засечками по краю;;"Маленький свисток с необычной формой; с засечками по краю. Магических свойств не обнаружено.";850;;Редкости, диковинки и странные предметы
Свисток из дерева с изображением ворона;;"Маленький свисток с необычной формой; с изображением ворона. Магических свойств не обнаружено.";850;;Редкости, диковинки и странные предметы
Свисток из дерева с изображением луны;;"Маленький свисток с необычной формой; с изображением луны. Магических свойств не обнаружено.";850;;Редкости, диковинки и странные предметы
Свисток из дерева с картой острова;;"Маленький свисток с необычной формой; с картой острова. Магических свойств не обнаружено.";850;;Редкости, диковинки и странные предметы
Свисток из дерева с неизвестной буквой;;"Маленький свисток с необычной формой; с неизвестной буквой. Магических свойств не обнаружено.";850;;Редкости, диковинки и странные предметы
Свисток из дерева с семью точками;;"Маленький свисток с необычной формой; с семью точками. Магических свойств не обнаружено.";850;;Редкости, диковинки и странные предметы
Свисток из дерева с тремя глазами;;"Маленький свисток с необычной формой; с тремя глазами. Магических свойств не обнаружено.";850;;Редкости, диковинки и странные предметы
Свисток из дерева со спиралью;;"Маленький свисток с необычной формой; со спиралью. Магических свойств не обнаружено.";850;;Редкости, диковинки и странные предметы
Сливовый ликёр, кружка;;"Кружка напитка; обычное трактирное качество.";850;;Питание и напитки
Средство от кашля;;Профессиональное средство или оборудование для лекаря и алхимика.;850;;Алхимия и медицина
Старая монета неизвестного царства;;Сильно потёртая монета, не являющаяся законным платёжным средством.;850;;Редкости, диковинки и странные предметы
Сыр овечий выдержанный;;Плотный солоноватый выдержанный сыр.;850;;Питание и напитки
Таз;;Металлический или деревянный таз.;850;;Бытовые предметы
Чернила, флакон;;Письменные чернила.;850;;Снаряжение и инструменты
Колокольчик, профессиональное исполнение;;Небольшой металлический колокольчик. Рассчитан на постоянную работу.;860;;Снаряжение и инструменты
Копчёности, купеческая подача;;"Готовое блюдо; лучшие ингредиенты и щедрая порция.";860;;Питание и напитки
Дыня, отборная партия;;"Целая ароматная дыня, отборного качества; лучше хранится и выглядит дороже обычного.";880;;Фрукты и овощи
Крапива, мазь;;"Витаминная и кровоостанавливающая трава; готовое наружное средство.";880;;Алхимия и медицина
Брус деревянный;;Строительный деревянный брус.;900;;Ремесленные материалы
Бусы стеклянные;;Декоративные стеклянные бусы.;900;;Драгоценности и предметы роскоши
Бусы стеклянные, простая работа;;Декоративные стеклянные бусы. Без известного автора.;900;;Драгоценности и предметы роскоши
Варенье ягодное, дворянская подача;;"Готовое блюдо; дорогие ингредиенты и тонкая подача.";900;;Питание и напитки
Ведро деревянное;;Прочное ведро.;900;;Бытовые предметы
Дротик;;Короткое метательное оружие.;900;;Оружие
Дубинка;;Простое лёгкое дробящее оружие.;900;;Оружие
Жетон из меди с засечками по краю;;"Маленький жетон с неизвестным знаком; с засечками по краю. Магических свойств не обнаружено.";900;;Редкости, диковинки и странные предметы
Жетон из меди с изображением ворона;;"Маленький жетон с неизвестным знаком; с изображением ворона. Магических свойств не обнаружено.";900;;Редкости, диковинки и странные предметы
Жетон из меди с изображением луны;;"Маленький жетон с неизвестным знаком; с изображением луны. Магических свойств не обнаружено.";900;;Редкости, диковинки и странные предметы
Жетон из меди с картой острова;;"Маленький жетон с неизвестным знаком; с картой острова. Магических свойств не обнаружено.";900;;Редкости, диковинки и странные предметы
Жетон из меди с неизвестной буквой;;"Маленький жетон с неизвестным знаком; с неизвестной буквой. Магических свойств не обнаружено.";900;;Редкости, диковинки и странные предметы
Жетон из меди с семью точками;;"Маленький жетон с неизвестным знаком; с семью точками. Магических свойств не обнаружено.";900;;Редкости, диковинки и странные предметы
Жетон из меди с тремя глазами;;"Маленький жетон с неизвестным знаком; с тремя глазами. Магических свойств не обнаружено.";900;;Редкости, диковинки и странные предметы
Жетон из меди со спиралью;;"Маленький жетон с неизвестным знаком; со спиралью. Магических свойств не обнаружено.";900;;Редкости, диковинки и странные предметы
Капюшон отдельный;;Тканевый съёмный капюшон.;900;;Одежда и аксессуары
Карта местности;;Бумажная карта одного района.;900;;Снаряжение и инструменты
Коготь медведя;;"[МАГИЧЕСКИЙ КОМПОНЕНТ] Коготь медведя; трофейный ритуальный материал.";900;;Магические компоненты и реагенты
Коготь скорпиона;;"[МАГИЧЕСКИЙ КОМПОНЕНТ] Коготь скорпиона; трофейный ритуальный материал.";900;;Магические компоненты и реагенты
Кожа сыромятная, лист, низкий сорт;;Грубая необработанная кожа. Низкое качество.;900;;Ремесленные материалы
Колба алхимическая;;Термостойкая лабораторная колба.;900;;Алхимия и медицина
Краска чёрная, банка;;Пигмент и связующее для отделки.;900;;Ремесленные материалы
Миниатюрный ключ из дерева с засечками по краю;;"Крошечный ключ, слишком маленький для обычного замка; с засечками по краю. Магических свойств не обнаружено.";900;;Редкости, диковинки и странные предметы
Миниатюрный ключ из дерева с изображением ворона;;"Крошечный ключ, слишком маленький для обычного замка; с изображением ворона. Магических свойств не обнаружено.";900;;Редкости, диковинки и странные предметы
Миниатюрный ключ из дерева с изображением луны;;"Крошечный ключ, слишком маленький для обычного замка; с изображением луны. Магических свойств не обнаружено.";900;;Редкости, диковинки и странные предметы
Миниатюрный ключ из дерева с картой острова;;"Крошечный ключ, слишком маленький для обычного замка; с картой острова. Магических свойств не обнаружено.";900;;Редкости, диковинки и странные предметы
Миниатюрный ключ из дерева с неизвестной буквой;;"Крошечный ключ, слишком маленький для обычного замка; с неизвестной буквой. Магических свойств не обнаружено.";900;;Редкости, диковинки и странные предметы
Миниатюрный ключ из дерева с семью точками;;"Крошечный ключ, слишком маленький для обычного замка; с семью точками. Магических свойств не обнаружено.";900;;Редкости, диковинки и странные предметы
Миниатюрный ключ из дерева с тремя глазами;;"Крошечный ключ, слишком маленький для обычного замка; с тремя глазами. Магических свойств не обнаружено.";900;;Редкости, диковинки и странные предметы
Миниатюрный ключ из дерева со спиралью;;"Крошечный ключ, слишком маленький для обычного замка; со спиралью. Магических свойств не обнаружено.";900;;Редкости, диковинки и странные предметы
Настойка календулы;;"Аптекарское средство из календулы; для внутреннего применения.";900;;Алхимия и медицина
Настойка крапивы;;"Аптекарское средство из крапивы; для внутреннего применения.";900;;Алхимия и медицина
Настойка можжевельника;;"Аптекарское средство из можжевельника; для внутреннего применения.";900;;Алхимия и медицина
Настойка мяты;;"Аптекарское средство из мяты; для внутреннего применения.";900;;Алхимия и медицина
Настойка окопника;;"Аптекарское средство из окопника; для внутреннего применения.";900;;Алхимия и медицина
Настойка полыни;;"Аптекарское средство из полыни; для внутреннего применения.";900;;Алхимия и медицина
Настойка ромашки;;"Аптекарское средство из ромашки; для внутреннего применения.";900;;Алхимия и медицина
Настойка тысячелистника;;"Аптекарское средство из тысячелистника; для внутреннего применения.";900;;Алхимия и медицина
Настойка шалфея;;"Аптекарское средство из шалфея; для внутреннего применения.";900;;Алхимия и медицина
Обезболивающая мазь;;Мазь, немного притупляющая боль.;900;;Алхимия и медицина
Подшипники, мешочек;;Мешочек мелких металлических шариков.;900;;Снаряжение и инструменты
Проволока медная, 10 м, низкий сорт;;Катушка медной проволоки. Низкое качество.;900;;Ремесленные материалы
Пропуск городской;;Разовый или краткосрочный пропуск.;900;;Книги, свитки и документы
Простыня;;Льняная простыня.;900;;Бытовые предметы
Рубаха льняная;;Простая повседневная рубаха.;900;;Одежда и аксессуары
Судебная копия, простая;;"Заверенная копия решения суда; обычная версия.";900;;Книги, свитки и документы
Фартук рабочий;;Плотный защитный фартук.;900;;Одежда и аксессуары
Фляга;;Небольшая фляга для воды.;900;;Снаряжение и инструменты
Шерсть, 1 кг;;Очищенная овечья шерсть.;900;;Ремесленные материалы
Шерстяная ткань, 1 м;;Тёплая ткань.;900;;Ремесленные материалы
Щёлочь, банка;;Едкий щелочной реагент.;900;;Алхимия и медицина
Арбуз, южный сорт;;"Целый средний арбуз, привезённое с юга; лучше хранится и выглядит дороже обычного.";910;;Фрукты и овощи
Банка стеклянная, резная отделка;;Банка с крышкой. Ручная декоративная резьба.;910;;Бытовые предметы
Верёвка пеньковая, 15 м, простое исполнение;;Толстая рабочая верёвка. Простое исполнение.;910;;Снаряжение и инструменты
Шарик из кости с засечками по краю;;"Идеально круглый шарик ручной работы; с засечками по краю. Магических свойств не обнаружено.";910;;Редкости, диковинки и странные предметы
Шарик из кости с изображением ворона;;"Идеально круглый шарик ручной работы; с изображением ворона. Магических свойств не обнаружено.";910;;Редкости, диковинки и странные предметы
Шарик из кости с изображением луны;;"Идеально круглый шарик ручной работы; с изображением луны. Магических свойств не обнаружено.";910;;Редкости, диковинки и странные предметы
Шарик из кости с картой острова;;"Идеально круглый шарик ручной работы; с картой острова. Магических свойств не обнаружено.";910;;Редкости, диковинки и странные предметы
Шарик из кости с неизвестной буквой;;"Идеально круглый шарик ручной работы; с неизвестной буквой. Магических свойств не обнаружено.";910;;Редкости, диковинки и странные предметы
Шарик из кости с семью точками;;"Идеально круглый шарик ручной работы; с семью точками. Магических свойств не обнаружено.";910;;Редкости, диковинки и странные предметы
Шарик из кости с тремя глазами;;"Идеально круглый шарик ручной работы; с тремя глазами. Магических свойств не обнаружено.";910;;Редкости, диковинки и странные предметы
Шарик из кости со спиралью;;"Идеально круглый шарик ручной работы; со спиралью. Магических свойств не обнаружено.";910;;Редкости, диковинки и странные предметы
Говядина, 1 кг;;Кусок свежей говядины.;920;;Питание и напитки
Арбуз, тепличный урожай;;"Целый средний арбуз, выращенное вне сезона; лучше хранится и выглядит дороже обычного.";940;;Фрукты и овощи
Дротик, походного образца;;"Короткое метательное оружие; простой, надёжный и ремонтопригодный.";940;;Оружие
Дубинка, походного образца;;"Простое лёгкое дробящее оружие; простой, надёжный и ремонтопригодный.";940;;Оружие
Жаркое, купеческая подача;;"Готовое блюдо; лучшие ингредиенты и щедрая порция.";940;;Питание и напитки
Железные шипы, 10 шт., походное исполнение;;Набор крепёжных шипов. Усилен для дороги.;940;;Снаряжение и инструменты
Корзина плетёная, добротное исполнение;;Плетёная корзина. Качественные материалы.;940;;Бытовые предметы
Кувшин глиняный, добротное исполнение;;Кувшин для воды или напитка. Качественные материалы.;940;;Бытовые предметы
Мята, мазь;;"Освежающее и желудочное применение; готовое наружное средство.";940;;Алхимия и медицина
Сушёное мясо, купеческая подача;;"Готовое блюдо; лучшие ингредиенты и щедрая порция.";940;;Питание и напитки
Чернила, флакон, походное исполнение;;Письменные чернила. Усилен для дороги.;940;;Снаряжение и инструменты
Камень строительный, 100 кг;;Обычный строительный камень.;950;;Ремесленные материалы
Краска белая, банка;;Пигмент и связующее для отделки.;950;;Ремесленные материалы
Полынь, порошок;;"Горькая лекарственная трава; измельчённое сухое сырьё.";950;;Алхимия и медицина
Средство от жара;;Профессиональное средство или оборудование для лекаря и алхимика.;950;;Алхимия и медицина
Сталь, 1 кг;;Заготовка качественной стали.;950;;Ремесленные материалы
Ореховая паста, дворянская подача;;"Готовое блюдо; дорогие ингредиенты и тонкая подача.";960;;Питание и напитки
Осколок кости гигантского паука;;"[МАГИЧЕСКИЙ КОМПОНЕНТ] Твёрдый ритуальный материал существа; используется в специализированных ритуалах и алхимии.";960;;Магические компоненты и реагенты
Крепкий дистиллят, бутылка;;Крепкий алкоголь местной перегонки.;980;;Питание и напитки
Ножницы, простое исполнение;;Бытовые ножницы. Простая работа.;980;;Бытовые предметы
Олово, 1 кг, низкий сорт;;Слиток олова. Низкое качество.;980;;Ремесленные материалы
Большая дубина, учебного образца;;"Тяжёлая двуручная дубина; затуплен или ослаблен для тренировки.";990;;Оружие
Карта местности, походное исполнение;;Бумажная карта одного района. Усилен для дороги.;990;;Снаряжение и инструменты
Клык медведя;;"[МАГИЧЕСКИЙ КОМПОНЕНТ] Клык медведя; используется в специализированных ритуалах.";990;;Магические компоненты и реагенты
Клык скорпиона;;"[МАГИЧЕСКИЙ КОМПОНЕНТ] Клык скорпиона; используется в специализированных ритуалах.";990;;Магические компоненты и реагенты
Подшипники, мешочек, походное исполнение;;Мешочек мелких металлических шариков. Усилен для дороги.;990;;Снаряжение и инструменты
Ромашка, настойка;;"Успокаивающее и противовоспалительное применение; готовый спиртовой экстракт.";990;;Алхимия и медицина
Серп, учебного образца;;"Изогнутый короткий клинок; затуплен или ослаблен для тренировки.";990;;Оружие
Фляга, походное исполнение;;Небольшая фляга для воды. Усилен для дороги.;990;;Снаряжение и инструменты
10 серебряных монет;;Десять серебряных монет.;1000;;Деньги и ценности
Мазь от ушибов;;Профессиональное средство или оборудование для лекаря и алхимика.;1000;;Алхимия и медицина
Бутылка стеклянная, резная отделка;;Пустая стеклянная бутылка. Ручная декоративная резьба.;1010;;Бытовые предметы
Запечённая рыба, купеческая подача;;"Готовое блюдо; лучшие ингредиенты и щедрая порция.";1010;;Питание и напитки
Льняная ткань, 1 м, отборный сорт;;Прочная лёгкая ткань. Высокое качество.;1010;;Ремесленные материалы
Лён, 1 кг, отборный сорт;;Волокно или пряжа для ткани. Высокое качество.;1010;;Ремесленные материалы
Проволока железная, 10 м, отборный сорт;;Катушка мягкой железной проволоки. Высокое качество.;1010;;Ремесленные материалы
Холст, 1 м, мастерская партия;;Грубая ткань. Редко встречающееся качество и однородность.;1010;;Ремесленные материалы
Щётка для одежды, резная отделка;;Жёсткая щётка. Ручная декоративная резьба.;1010;;Бытовые предметы
Блины с мясом, дворянская подача;;"Готовое блюдо; дорогие ингредиенты и тонкая подача.";1020;;Питание и напитки
Доска дубовая, ремесленная подготовка;;Прочная дубовая доска. Подготовлен для мастерской.;1020;;Ремесленные материалы
Калтропы, мешочек, простое исполнение;;Набор четырёхшипных металлических колючек. Простое исполнение.;1040;;Снаряжение и инструменты
Капюшон отдельный, повседневная отделка;;Тканевый съёмный капюшон. Основной материал — хлопковая ткань.;1040;;Одежда и аксессуары
Рубаха льняная, повседневная отделка;;Простая повседневная рубаха. Основной материал — хлопковая ткань.;1040;;Одежда и аксессуары
Фартук рабочий, повседневная отделка;;Плотный защитный фартук. Основной материал — хлопковая ткань.;1040;;Одежда и аксессуары
Бронза, 1 кг, низкий сорт;;Заготовка бронзы. Низкое качество.;1050;;Ремесленные материалы
Свисток сигнальный, мастерское исполнение;;Громкий сигнальный свисток. Точное качественное исполнение.;1050;;Снаряжение и инструменты
Пельмени, дворянская подача;;"Готовое блюдо; дорогие ингредиенты и тонкая подача.";1060;;Питание и напитки
Брус деревянный, ремесленная подготовка;;Строительный деревянный брус. Подготовлен для мастерской.;1080;;Ремесленные материалы
Краска чёрная, банка, ремесленная подготовка;;Пигмент и связующее для отделки. Подготовлен для мастерской.;1080;;Ремесленные материалы
Шерсть, 1 кг, ремесленная подготовка;;Очищенная овечья шерсть. Подготовлен для мастерской.;1080;;Ремесленные материалы
Шерстяная ткань, 1 м, ремесленная подготовка;;Тёплая ткань. Подготовлен для мастерской.;1080;;Ремесленные материалы
Рыбное рагу, дворянская подача;;"Готовое блюдо; дорогие ингредиенты и тонкая подача.";1090;;Питание и напитки
Тысячелистник, порошок;;"Традиционно применяется для ран; измельчённое сухое сырьё.";1090;;Алхимия и медицина
Арбуз, отборная партия;;"Целый средний арбуз, отборного качества; лучше хранится и выглядит дороже обычного.";1100;;Фрукты и овощи
Мазь календулы;;"Аптекарское средство из календулы; для наружного применения.";1100;;Алхимия и медицина
Мазь крапивы;;"Аптекарское средство из крапивы; для наружного применения.";1100;;Алхимия и медицина
Мазь можжевельника;;"Аптекарское средство из можжевельника; для наружного применения.";1100;;Алхимия и медицина
Мазь мяты;;"Аптекарское средство из мяты; для наружного применения.";1100;;Алхимия и медицина
Мазь окопника;;"Аптекарское средство из окопника; для наружного применения.";1100;;Алхимия и медицина
Мазь от ожогов;;Охлаждающая лечебная мазь.;1100;;Алхимия и медицина
Мазь полыни;;"Аптекарское средство из полыни; для наружного применения.";1100;;Алхимия и медицина
Мазь ромашки;;"Аптекарское средство из ромашки; для наружного применения.";1100;;Алхимия и медицина
Мазь тысячелистника;;"Аптекарское средство из тысячелистника; для наружного применения.";1100;;Алхимия и медицина
Мазь шалфея;;"Аптекарское средство из шалфея; для наружного применения.";1100;;Алхимия и медицина
Медь, 1 кг;;Слиток или заготовка меди.;1100;;Ремесленные материалы
Расчёска костяная;;Тонкая резная расчёска.;1100;;Бытовые предметы
Свисток из кости с засечками по краю;;"Маленький свисток с необычной формой; с засечками по краю. Магических свойств не обнаружено.";1100;;Редкости, диковинки и странные предметы
Свисток из кости с изображением ворона;;"Маленький свисток с необычной формой; с изображением ворона. Магических свойств не обнаружено.";1100;;Редкости, диковинки и странные предметы
Свисток из кости с изображением луны;;"Маленький свисток с необычной формой; с изображением луны. Магических свойств не обнаружено.";1100;;Редкости, диковинки и странные предметы
Свисток из кости с картой острова;;"Маленький свисток с необычной формой; с картой острова. Магических свойств не обнаружено.";1100;;Редкости, диковинки и странные предметы
Свисток из кости с неизвестной буквой;;"Маленький свисток с необычной формой; с неизвестной буквой. Магических свойств не обнаружено.";1100;;Редкости, диковинки и странные предметы
Свисток из кости с семью точками;;"Маленький свисток с необычной формой; с семью точками. Магических свойств не обнаружено.";1100;;Редкости, диковинки и странные предметы
Свисток из кости с тремя глазами;;"Маленький свисток с необычной формой; с тремя глазами. Магических свойств не обнаружено.";1100;;Редкости, диковинки и странные предметы
Свисток из кости со спиралью;;"Маленький свисток с необычной формой; со спиралью. Магических свойств не обнаружено.";1100;;Редкости, диковинки и странные предметы
Хлопок, 1 кг;;Очищенное растительное волокно.;1100;;Ремесленные материалы
Шапка шерстяная;;Простая тёплая шапка.;1100;;Одежда и аксессуары
Бритва, простое исполнение;;Складная стальная бритва. Простая работа.;1120;;Бытовые предметы
Мясной рулет, купеческая подача;;"Готовое блюдо; лучшие ингредиенты и щедрая порция.";1120;;Питание и напитки
Сырный пирог, дворянская подача;;"Готовое блюдо; дорогие ингредиенты и тонкая подача.";1120;;Питание и напитки
Краска белая, банка, ремесленная подготовка;;Пигмент и связующее для отделки. Подготовлен для мастерской.;1140;;Ремесленные материалы
Ромашка, мазь;;"Успокаивающее и противовоспалительное применение; готовое наружное средство.";1140;;Алхимия и медицина
Сталь, 1 кг, ремесленная подготовка;;Заготовка качественной стали. Подготовлен для мастерской.;1140;;Ремесленные материалы
Лист железа, 1 кг, мастерская партия;;Кусок листового железа. Редко встречающееся качество и однородность.;1150;;Ремесленные материалы
Мыло ароматное, резная отделка;;Душистое мыло. Ручная декоративная резьба.;1150;;Бытовые предметы
Мясное рагу, дворянская подача;;"Готовое блюдо; дорогие ингредиенты и тонкая подача.";1150;;Питание и напитки
Нож столовый, резная отделка;;Небольшой бытовой нож. Ручная декоративная резьба.;1150;;Бытовые предметы
Свинец, 1 кг, мастерская партия;;Слиток свинца. Редко встречающееся качество и однородность.;1150;;Ремесленные материалы
Щётка половая, резная отделка;;Щётка для мытья и чистки. Ручная декоративная резьба.;1150;;Бытовые предметы
Шалфей, порошок;;"Ароматная лекарственная трава; измельчённое сухое сырьё.";1160;;Алхимия и медицина
Зеркало стальное, простое исполнение;;Полированная стальная пластина. Простое исполнение.;1170;;Снаряжение и инструменты
Котелок походный, простое исполнение;;Небольшой металлический котёл. Простое исполнение.;1170;;Снаряжение и инструменты
Миниатюрный ключ из кости с засечками по краю;;"Крошечный ключ, слишком маленький для обычного замка; с засечками по краю. Магических свойств не обнаружено.";1170;;Редкости, диковинки и странные предметы
Миниатюрный ключ из кости с изображением ворона;;"Крошечный ключ, слишком маленький для обычного замка; с изображением ворона. Магических свойств не обнаружено.";1170;;Редкости, диковинки и странные предметы
Миниатюрный ключ из кости с изображением луны;;"Крошечный ключ, слишком маленький для обычного замка; с изображением луны. Магических свойств не обнаружено.";1170;;Редкости, диковинки и странные предметы
Миниатюрный ключ из кости с картой острова;;"Крошечный ключ, слишком маленький для обычного замка; с картой острова. Магических свойств не обнаружено.";1170;;Редкости, диковинки и странные предметы
Миниатюрный ключ из кости с неизвестной буквой;;"Крошечный ключ, слишком маленький для обычного замка; с неизвестной буквой. Магических свойств не обнаружено.";1170;;Редкости, диковинки и странные предметы
Миниатюрный ключ из кости с семью точками;;"Крошечный ключ, слишком маленький для обычного замка; с семью точками. Магических свойств не обнаружено.";1170;;Редкости, диковинки и странные предметы
Миниатюрный ключ из кости с тремя глазами;;"Крошечный ключ, слишком маленький для обычного замка; с тремя глазами. Магических свойств не обнаружено.";1170;;Редкости, диковинки и странные предметы
Миниатюрный ключ из кости со спиралью;;"Крошечный ключ, слишком маленький для обычного замка; со спиралью. Магических свойств не обнаружено.";1170;;Редкости, диковинки и странные предметы
Кожа сыромятная, лист;;Грубая необработанная кожа.;1200;;Ремесленные материалы
Краска красная, банка;;Цветная краска.;1200;;Ремесленные материалы
Кровь гигантского паука, флакон;;"[МАГИЧЕСКИЙ КОМПОНЕНТ] Биологический реагент существа; используется в специализированных ритуалах и алхимии.";1200;;Магические компоненты и реагенты
Купчая, простая;;"Подтверждает законную передачу собственности; обычная версия.";1200;;Книги, свитки и документы
Медальон из дерева с засечками по краю;;"Небольшой медальон без портрета; с засечками по краю. Магических свойств не обнаружено.";1200;;Редкости, диковинки и странные предметы
Медальон из дерева с изображением ворона;;"Небольшой медальон без портрета; с изображением ворона. Магических свойств не обнаружено.";1200;;Редкости, диковинки и странные предметы
Медальон из дерева с изображением луны;;"Небольшой медальон без портрета; с изображением луны. Магических свойств не обнаружено.";1200;;Редкости, диковинки и странные предметы
Медальон из дерева с картой острова;;"Небольшой медальон без портрета; с картой острова. Магических свойств не обнаружено.";1200;;Редкости, диковинки и странные предметы
Медальон из дерева с неизвестной буквой;;"Небольшой медальон без портрета; с неизвестной буквой. Магических свойств не обнаружено.";1200;;Редкости, диковинки и странные предметы
Медальон из дерева с семью точками;;"Небольшой медальон без портрета; с семью точками. Магических свойств не обнаружено.";1200;;Редкости, диковинки и странные предметы
Медальон из дерева с тремя глазами;;"Небольшой медальон без портрета; с тремя глазами. Магических свойств не обнаружено.";1200;;Редкости, диковинки и странные предметы
Медальон из дерева со спиралью;;"Небольшой медальон без портрета; со спиралью. Магических свойств не обнаружено.";1200;;Редкости, диковинки и странные предметы
Молоток;;Обычный рабочий молоток.;1200;;Снаряжение и инструменты
Подушка;;Набивная подушка.;1200;;Бытовые предметы
Порошок от обезвоживания;;Профессиональное средство или оборудование для лекаря и алхимика.;1200;;Алхимия и медицина
Проволока медная, 10 м;;Катушка медной проволоки.;1200;;Ремесленные материалы
Серебряная пыль, 10 г;;[МАГИЧЕСКИЙ КОМПОНЕНЕНТ] Мелкодисперсное серебро для чар и обрядов.;1200;;Магические компоненты и реагенты
Удостоверение личности;;Официальный документ с личными сведениями.;1200;;Книги, свитки и документы
Штаны рабочие;;Плотные штаны для физической работы.;1200;;Одежда и аксессуары
Боевой посох, учебного образца;;"Прочный шест для боя; затуплен или ослаблен для тренировки.";1210;;Оружие
Дротик, военного образца;;"Короткое метательное оружие; усиленная сборка и лучшее качество стали.";1220;;Оружие
Дубинка, военного образца;;"Простое лёгкое дробящее оружие; усиленная сборка и лучшее качество стали.";1220;;Оружие
Зверобой, порошок;;"Лекарственная трава для настоев; измельчённое сухое сырьё.";1220;;Алхимия и медицина
Капюшон отдельный, тёплая отделка;;Тканевый съёмный капюшон. Основной материал — хорошая шерсть.;1220;;Одежда и аксессуары
Лапша с мясом, дворянская подача;;"Готовое блюдо; дорогие ингредиенты и тонкая подача.";1220;;Питание и напитки
Рубаха льняная, тёплая отделка;;Простая повседневная рубаха. Основной материал — хорошая шерсть.;1220;;Одежда и аксессуары
Фартук рабочий, тёплая отделка;;Плотный защитный фартук. Основной материал — хорошая шерсть.;1220;;Одежда и аксессуары
Кружка оловянная, добротное исполнение;;Металлическая кружка. Качественные материалы.;1230;;Бытовые предметы
Таз, добротное исполнение;;Металлический или деревянный таз. Качественные материалы.;1230;;Бытовые предметы
Бурдюк, профессиональное исполнение;;Кожаная ёмкость для воды. Рассчитан на постоянную работу.;1240;;Снаряжение и инструменты
Латунь, 1 кг, низкий сорт;;Заготовка латуни. Низкое качество.;1240;;Ремесленные материалы
Огниво, профессиональное исполнение;;Набор для разведения огня. Рассчитан на постоянную работу.;1240;;Снаряжение и инструменты
Гвозди железные, 100 шт., мастерская партия;;Мешочек обычных гвоздей. Редко встречающееся качество и однородность.;1250;;Ремесленные материалы
Кровоостанавливающий порошок;;Сухая смесь для временной остановки кровотечения.;1250;;Алхимия и медицина
Корыто, простое исполнение;;Большая бытовая ёмкость. Простая работа.;1260;;Бытовые предметы
Одеяло, простое исполнение;;Тёплое шерстяное одеяло. Простая работа.;1260;;Бытовые предметы
Полынь, настойка;;"Горькая лекарственная трава; готовый спиртовой экстракт.";1260;;Алхимия и медицина
Шапка шерстяная, повседневная отделка;;Простая тёплая шапка. Основной материал — хлопковая ткань.;1260;;Одежда и аксессуары
Ведро деревянное, добротное исполнение;;Прочное ведро. Качественные материалы.;1300;;Бытовые предметы
Олово, 1 кг;;Слиток олова.;1300;;Ремесленные материалы
Простыня, добротное исполнение;;Льняная простыня. Качественные материалы.;1300;;Бытовые предметы
Шарф шерстяной;;Тёплый шарф.;1300;;Одежда и аксессуары
Юбка простая;;Повседневная юбка из недорогой ткани.;1300;;Одежда и аксессуары
Доска дубовая, отборный сорт;;Прочная дубовая доска. Высокое качество.;1320;;Ремесленные материалы
Медь, 1 кг, ремесленная подготовка;;Слиток или заготовка меди. Подготовлен для мастерской.;1320;;Ремесленные материалы
Молоток, походное исполнение;;Обычный рабочий молоток. Усилен для дороги.;1320;;Снаряжение и инструменты
Хлопок, 1 кг, ремесленная подготовка;;Очищенное растительное волокно. Подготовлен для мастерской.;1320;;Ремесленные материалы
Сырная тарелка, дворянская подача;;"Готовое блюдо; дорогие ингредиенты и тонкая подача.";1340;;Питание и напитки
Колокольчик, мастерское исполнение;;Небольшой металлический колокольчик. Точное качественное исполнение.;1350;;Снаряжение и инструменты
Мех простой, низкий сорт;;Шкура обычного пушного зверя. Низкое качество.;1350;;Ремесленные материалы
Желчь гигантского паука, флакон;;"[МАГИЧЕСКИЙ КОМПОНЕНТ] Едкий органический реагент существа; используется в специализированных ритуалах и алхимии.";1380;;Магические компоненты и реагенты
Сушёная рыба, дворянская подача;;"Готовое блюдо; дорогие ингредиенты и тонкая подача.";1380;;Питание и напитки
Штаны рабочие, повседневная отделка;;Плотные штаны для физической работы. Основной материал — хлопковая ткань.;1380;;Одежда и аксессуары
Бронза, 1 кг;;Заготовка бронзы.;1400;;Ремесленные материалы
Брус деревянный, отборный сорт;;Строительный деревянный брус. Высокое качество.;1400;;Ремесленные материалы
Верёвка пеньковая, 15 м;;Толстая рабочая верёвка.;1400;;Снаряжение и инструменты
Краска чёрная, банка, отборный сорт;;Пигмент и связующее для отделки. Высокое качество.;1400;;Ремесленные материалы
Ножницы;;Бытовые ножницы.;1400;;Бытовые предметы
Рацион офицерский, 1 день;;Компактный качественный набор пищи и напитка на день.;1400;;Питание и напитки
Сандалии;;Простая открытая обувь.;1400;;Одежда и аксессуары
Счёты;;Счётная рамка для торговли.;1400;;Снаряжение и инструменты
Тоник от лихорадки;;Горькая смесь для облегчения жара.;1400;;Алхимия и медицина
Шерсть, 1 кг, отборный сорт;;Очищенная овечья шерсть. Высокое качество.;1400;;Ремесленные материалы
Шерстяная ткань, 1 м, отборный сорт;;Тёплая ткань. Высокое качество.;1400;;Ремесленные материалы
Лом, простое исполнение;;Стальной лом для рычажной работы. Простое исполнение.;1430;;Снаряжение и инструменты
Лопата, простое исполнение;;Прочная железная лопата. Простое исполнение.;1430;;Снаряжение и инструменты
Метательное копьё, учебного образца;;"Лёгкое копьё для броска; затуплен или ослаблен для тренировки.";1430;;Оружие
Набор посуды походный, простое исполнение;;Компактная миска, кружка и приборы. Простое исполнение.;1430;;Снаряжение и инструменты
Бусы стеклянные, тонкая работа;;Декоративные стеклянные бусы. Высокое качество обработки.;1440;;Драгоценности и предметы роскоши
Кожа сыромятная, лист, ремесленная подготовка;;Грубая необработанная кожа. Подготовлен для мастерской.;1440;;Ремесленные материалы
Пепел ткани гигантского паука;;[МАГИЧЕСКИЙ КОМПОНЕНТ] Обработанный органический остаток гигантского паука.;1440;;Магические компоненты и реагенты
Праща, мастерской работы;;"Ременная праща; точная балансировка и качественная отделка.";1440;;Оружие
Проволока медная, 10 м, ремесленная подготовка;;Катушка медной проволоки. Подготовлен для мастерской.;1440;;Ремесленные материалы
Тысячелистник, настойка;;"Традиционно применяется для ран; готовый спиртовой экстракт.";1440;;Алхимия и медицина
Полынь, мазь;;"Горькая лекарственная трава; готовое наружное средство.";1460;;Алхимия и медицина
Краска белая, банка, отборный сорт;;Пигмент и связующее для отделки. Высокое качество.;1470;;Ремесленные материалы
Сталь, 1 кг, отборный сорт;;Заготовка качественной стали. Высокое качество.;1470;;Ремесленные материалы
Шапка шерстяная, тёплая отделка;;Простая тёплая шапка. Основной материал — хорошая шерсть.;1480;;Одежда и аксессуары
Кошель с 15 серебряных монет;;"Кошель, содержащий ровно 15 серебряных монет; ценность равна содержимому.";1500;;Деньги и ценности
Кошель с 1500 медных монет;;"Кошель, содержащий ровно 1500 медных монет; ценность равна содержимому.";1500;;Деньги и ценности
Мазь от обморожения;;Профессиональное средство или оборудование для лекаря и алхимика.;1500;;Алхимия и медицина
Ремень кожаный;;Прочный ремень с пряжкой.;1500;;Одежда и аксессуары
Табурет;;Низкий деревянный табурет.;1500;;Бытовые предметы
Шарф шерстяной, повседневная отделка;;Тёплый шарф. Основной материал — хлопковая ткань.;1500;;Одежда и аксессуары
Юбка простая, повседневная отделка;;Повседневная юбка из недорогой ткани. Основной материал — хлопковая ткань.;1500;;Одежда и аксессуары
Валериана, порошок;;"Успокаивающее действие; измельчённое сухое сырьё.";1530;;Алхимия и медицина
Шалфей, настойка;;"Ароматная лекарственная трава; готовый спиртовой экстракт.";1530;;Алхимия и медицина
Верёвка пеньковая, 15 м, походное исполнение;;Толстая рабочая верёвка. Усилен для дороги.;1540;;Снаряжение и инструменты
Копчёности, дворянская подача;;"Готовое блюдо; дорогие ингредиенты и тонкая подача.";1540;;Питание и напитки
Шкатулка, простое исполнение;;Небольшая деревянная коробка. Простая работа.;1540;;Бытовые предметы
Корзина плетёная, резная отделка;;Плетёная корзина. Ручная декоративная резьба.;1560;;Бытовые предметы
Крюк-кошка, простое исполнение;;Железный крюк для зацепа верёвки. Простое исполнение.;1560;;Снаряжение и инструменты
Кувшин глиняный, резная отделка;;Кувшин для воды или напитка. Ручная декоративная резьба.;1560;;Бытовые предметы
Льняная ткань, 1 м, мастерская партия;;Прочная лёгкая ткань. Редко встречающееся качество и однородность.;1560;;Ремесленные материалы
Лён, 1 кг, мастерская партия;;Волокно или пряжа для ткани. Редко встречающееся качество и однородность.;1560;;Ремесленные материалы
Медальон из кости с засечками по краю;;"Небольшой медальон без портрета; с засечками по краю. Магических свойств не обнаружено.";1560;;Редкости, диковинки и странные предметы
Медальон из кости с изображением ворона;;"Небольшой медальон без портрета; с изображением ворона. Магических свойств не обнаружено.";1560;;Редкости, диковинки и странные предметы
Медальон из кости с изображением луны;;"Небольшой медальон без портрета; с изображением луны. Магических свойств не обнаружено.";1560;;Редкости, диковинки и странные предметы
Медальон из кости с картой острова;;"Небольшой медальон без портрета; с картой острова. Магических свойств не обнаружено.";1560;;Редкости, диковинки и странные предметы
Медальон из кости с неизвестной буквой;;"Небольшой медальон без портрета; с неизвестной буквой. Магических свойств не обнаружено.";1560;;Редкости, диковинки и странные предметы
Медальон из кости с семью точками;;"Небольшой медальон без портрета; с семью точками. Магических свойств не обнаружено.";1560;;Редкости, диковинки и странные предметы
Медальон из кости с тремя глазами;;"Небольшой медальон без портрета; с тремя глазами. Магических свойств не обнаружено.";1560;;Редкости, диковинки и странные предметы
Медальон из кости со спиралью;;"Небольшой медальон без портрета; со спиралью. Магических свойств не обнаружено.";1560;;Редкости, диковинки и странные предметы
Олово, 1 кг, ремесленная подготовка;;Слиток олова. Подготовлен для мастерской.;1560;;Ремесленные материалы
Проволока железная, 10 м, мастерская партия;;Катушка мягкой железной проволоки. Редко встречающееся качество и однородность.;1560;;Ремесленные материалы
Рыболовные снасти, простое исполнение;;Леска, крючки, поплавки и грузила. Простое исполнение.;1560;;Снаряжение и инструменты
Бритва;;Складная стальная бритва.;1600;;Бытовые предметы
Идол из дерева с засечками по краю;;"Маленькая фигурка неизвестного существа; с засечками по краю. Магических свойств не обнаружено.";1600;;Редкости, диковинки и странные предметы
Идол из дерева с изображением ворона;;"Маленькая фигурка неизвестного существа; с изображением ворона. Магических свойств не обнаружено.";1600;;Редкости, диковинки и странные предметы
Идол из дерева с изображением луны;;"Маленькая фигурка неизвестного существа; с изображением луны. Магических свойств не обнаружено.";1600;;Редкости, диковинки и странные предметы
Идол из дерева с картой острова;;"Маленькая фигурка неизвестного существа; с картой острова. Магических свойств не обнаружено.";1600;;Редкости, диковинки и странные предметы
Идол из дерева с неизвестной буквой;;"Маленькая фигурка неизвестного существа; с неизвестной буквой. Магических свойств не обнаружено.";1600;;Редкости, диковинки и странные предметы
Идол из дерева с семью точками;;"Маленькая фигурка неизвестного существа; с семью точками. Магических свойств не обнаружено.";1600;;Редкости, диковинки и странные предметы
Идол из дерева с тремя глазами;;"Маленькая фигурка неизвестного существа; с тремя глазами. Магических свойств не обнаружено.";1600;;Редкости, диковинки и странные предметы
Идол из дерева со спиралью;;"Маленькая фигурка неизвестного существа; со спиралью. Магических свойств не обнаружено.";1600;;Редкости, диковинки и странные предметы
Калтропы, мешочек;;Набор четырёхшипных металлических колючек.;1600;;Снаряжение и инструменты
Лак, банка;;Защитное прозрачное покрытие.;1600;;Ремесленные материалы
Медицинские щипцы;;Металлические щипцы для процедур.;1600;;Алхимия и медицина
Полка настенная;;Небольшая полка.;1600;;Бытовые предметы
Расчёска костяная, добротное исполнение;;Тонкая резная расчёска. Качественные материалы.;1600;;Бытовые предметы
Стимулирующая настойка;;Травяной тоник против усталости.;1600;;Алхимия и медицина
Ступка и пестик;;Каменный набор для растирания компонентов.;1600;;Алхимия и медицина
Туника;;Простая свободная туника.;1600;;Одежда и аксессуары
Сандалии, повседневная отделка;;Простая открытая обувь. Основной материал — хлопковая ткань.;1610;;Одежда и аксессуары
Железные шипы, 10 шт., профессиональное исполнение;;Набор крепёжных шипов. Рассчитан на постоянную работу.;1620;;Снаряжение и инструменты
Замок простой, простое исполнение;;Небольшой механический замок. Простое исполнение.;1620;;Снаряжение и инструменты
Зверобой, настойка;;"Лекарственная трава для настоев; готовый спиртовой экстракт.";1620;;Алхимия и медицина
Судебная копия, заверенная;;"Заверенная копия решения суда; с печатями и регистрацией.";1620;;Книги, свитки и документы
Штаны рабочие, тёплая отделка;;Плотные штаны для физической работы. Основной материал — хорошая шерсть.;1620;;Одежда и аксессуары
Латунь, 1 кг;;Заготовка латуни.;1650;;Ремесленные материалы
Жаркое, дворянская подача;;"Готовое блюдо; дорогие ингредиенты и тонкая подача.";1660;;Питание и напитки
Сушёное мясо, дворянская подача;;"Готовое блюдо; дорогие ингредиенты и тонкая подача.";1660;;Питание и напитки
Тысячелистник, мазь;;"Традиционно применяется для ран; готовое наружное средство.";1660;;Алхимия и медицина
Бронза, 1 кг, ремесленная подготовка;;Заготовка бронзы. Подготовлен для мастерской.;1680;;Ремесленные материалы
Медь, 1 кг, отборный сорт;;Слиток или заготовка меди. Высокое качество.;1700;;Ремесленные материалы
Хлопок, 1 кг, отборный сорт;;Очищенное растительное волокно. Высокое качество.;1700;;Ремесленные материалы
Экстракт календулы;;"Аптекарское средство из календулы; концентрированный аптекарский реагент.";1700;;Алхимия и медицина
Экстракт крапивы;;"Аптекарское средство из крапивы; концентрированный аптекарский реагент.";1700;;Алхимия и медицина
Экстракт можжевельника;;"Аптекарское средство из можжевельника; концентрированный аптекарский реагент.";1700;;Алхимия и медицина
Экстракт мяты;;"Аптекарское средство из мяты; концентрированный аптекарский реагент.";1700;;Алхимия и медицина
Экстракт окопника;;"Аптекарское средство из окопника; концентрированный аптекарский реагент.";1700;;Алхимия и медицина
Экстракт полыни;;"Аптекарское средство из полыни; концентрированный аптекарский реагент.";1700;;Алхимия и медицина
Экстракт ромашки;;"Аптекарское средство из ромашки; концентрированный аптекарский реагент.";1700;;Алхимия и медицина
Экстракт тысячелистника;;"Аптекарское средство из тысячелистника; концентрированный аптекарский реагент.";1700;;Алхимия и медицина
Экстракт шалфея;;"Аптекарское средство из шалфея; концентрированный аптекарский реагент.";1700;;Алхимия и медицина
Карта местности, профессиональное исполнение;;Бумажная карта одного района. Рассчитан на постоянную работу.;1710;;Снаряжение и инструменты
Подшипники, мешочек, профессиональное исполнение;;Мешочек мелких металлических шариков. Рассчитан на постоянную работу.;1710;;Снаряжение и инструменты
Фляга, профессиональное исполнение;;Небольшая фляга для воды. Рассчитан на постоянную работу.;1710;;Снаряжение и инструменты
Ремень кожаный, повседневная отделка;;Прочный ремень с пряжкой. Основной материал — хлопковая ткань.;1720;;Одежда и аксессуары
Подушка, добротное исполнение;;Набивная подушка. Качественные материалы.;1740;;Бытовые предметы
Калтропы, мешочек, походное исполнение;;Набор четырёхшипных металлических колючек. Усилен для дороги.;1760;;Снаряжение и инструменты
Лёгкий молот, учебного образца;;"Небольшой боевой молот; затуплен или ослаблен для тренировки.";1760;;Оружие
Шарф шерстяной, тёплая отделка;;Тёплый шарф. Основной материал — хорошая шерсть.;1760;;Одежда и аксессуары
Юбка простая, тёплая отделка;;Повседневная юбка из недорогой ткани. Основной материал — хорошая шерсть.;1760;;Одежда и аксессуары
Шалфей, мазь;;"Ароматная лекарственная трава; готовое наружное средство.";1770;;Алхимия и медицина
Запечённая рыба, дворянская подача;;"Готовое блюдо; дорогие ингредиенты и тонкая подача.";1790;;Питание и напитки
Большая дубина;;Тяжёлая двуручная дубина.;1800;;Оружие
Браслет медный;;Простой металлический браслет.;1800;;Драгоценности и предметы роскоши
Браслет медный, простая работа;;Простой металлический браслет. Без известного автора.;1800;;Драгоценности и предметы роскоши
Гильдейская рекомендация, простая;;"Официальное письмо о квалификации владельца; обычная версия.";1800;;Книги, свитки и документы
Горелка спиртовая;;Маленький источник ровного пламени.;1800;;Алхимия и медицина
Духовая трубка;;Трубка для стрельбы иглами.;1800;;Оружие
Зеркало стальное;;Полированная стальная пластина.;1800;;Снаряжение и инструменты
Зуб очень крупной акулы;;Большой обработанный зуб морского хищника.;1800;;Редкости, диковинки и странные предметы
Книга печатная дешёвая;;Массовое издание простого текста.;1800;;Книги, свитки и документы
Коготь гигантского паука;;"[МАГИЧЕСКИЙ КОМПОНЕНТ] Коготь гигантского паука; трофейный ритуальный материал.";1800;;Магические компоненты и реагенты
Корыто;;Большая бытовая ёмкость.;1800;;Бытовые предметы
Котелок походный;;Небольшой металлический котёл.;1800;;Снаряжение и инструменты
Ладан, пачка;;[МАГИЧЕСКИЙ КОМПОНЕНТ] Благовоние для религиозных и магических ритуалов.;1800;;Магические компоненты и реагенты
Лицензия ремесленника;;Разрешение на ремесленную работу.;1800;;Книги, свитки и документы
Мех простой;;Шкура обычного пушного зверя.;1800;;Ремесленные материалы
Одеяло;;Тёплое шерстяное одеяло.;1800;;Бытовые предметы
Перчатки кожаные;;Рабочие перчатки.;1800;;Одежда и аксессуары
Свиток военной присяги;;Текст установленной военной клятвы.;1800;;Книги, свитки и документы
Серп;;Изогнутый короткий клинок.;1800;;Оружие
Снотворная настойка;;Средство, вызывающее сонливость в обычной дозе.;1800;;Алхимия и медицина
Тоник после кровопотери;;Профессиональное средство или оборудование для лекаря и алхимика.;1800;;Алхимия и медицина
Бочка малая, простое исполнение;;Небольшая деревянная бочка. Простая работа.;1820;;Бытовые предметы
Спальный мешок, простое исполнение;;Тёплая подстилка и одеяло в свёртке. Простое исполнение.;1820;;Снаряжение и инструменты
Туника, повседневная отделка;;Простая свободная туника. Основной материал — хлопковая ткань.;1840;;Одежда и аксессуары
Кожа сыромятная, лист, отборный сорт;;Грубая необработанная кожа. Высокое качество.;1860;;Ремесленные материалы
Настойка травяная, бутылка;;"Бутылка напитка; обычное трактирное качество.";1860;;Питание и напитки
Проволока медная, 10 м, отборный сорт;;Катушка медной проволоки. Высокое качество.;1860;;Ремесленные материалы
Зверобой, мазь;;"Лекарственная трава для настоев; готовое наружное средство.";1870;;Алхимия и медицина
Большая дубина, походного образца;;"Тяжёлая двуручная дубина; простой, надёжный и ремонтопригодный.";1890;;Оружие
Сандалии, тёплая отделка;;Простая открытая обувь. Основной материал — хорошая шерсть.;1890;;Одежда и аксессуары
Серп, походного образца;;"Изогнутый короткий клинок; простой, надёжный и ремонтопригодный.";1890;;Оружие
Кинжал, учебного образца;;"Короткий колюще-режущий клинок; затуплен или ослаблен для тренировки.";1920;;Оружие
Бурдюк, мастерское исполнение;;Кожаная ёмкость для воды. Точное качественное исполнение.;1950;;Снаряжение и инструменты
Кожа выделанная, лист, низкий сорт;;Качественно выделанная кожа. Низкое качество.;1950;;Ремесленные материалы
Огниво, мастерское исполнение;;Набор для разведения огня. Точное качественное исполнение.;1950;;Снаряжение и инструменты
Матрас соломенный, простое исполнение;;Простой матрас с растительной набивкой. Простая работа.;1960;;Бытовые предметы
Зеркало стальное, походное исполнение;;Полированная стальная пластина. Усилен для дороги.;1980;;Снаряжение и инструменты
Клык гигантского паука;;"[МАГИЧЕСКИЙ КОМПОНЕНТ] Клык гигантского паука; используется в специализированных ритуалах.";1980;;Магические компоненты и реагенты
Котелок походный, походное исполнение;;Небольшой металлический котёл. Усилен для дороги.;1980;;Снаряжение и инструменты
Латунь, 1 кг, ремесленная подготовка;;Заготовка латуни. Подготовлен для мастерской.;1980;;Ремесленные материалы
Мясной рулет, дворянская подача;;"Готовое блюдо; дорогие ингредиенты и тонкая подача.";1980;;Питание и напитки
Праща, церемониальное исполнение;;"Ременная праща; богато украшен, но остаётся пригодным для боя.";1980;;Оружие
Валериана, настойка;;"Успокаивающее действие; готовый спиртовой экстракт.";2000;;Алхимия и медицина
Олово, 1 кг, отборный сорт;;Слиток олова. Высокое качество.;2000;;Ремесленные материалы
Ремень кожаный, тёплая отделка;;Прочный ремень с пряжкой. Основной материал — хорошая шерсть.;2000;;Одежда и аксессуары
Доска дубовая, мастерская партия;;Прочная дубовая доска. Редко встречающееся качество и однородность.;2050;;Ремесленные материалы
Кружка оловянная, резная отделка;;Металлическая кружка. Ручная декоративная резьба.;2050;;Бытовые предметы
Ножницы, добротное исполнение;;Бытовые ножницы. Качественные материалы.;2050;;Бытовые предметы
Перчатки кожаные, повседневная отделка;;Рабочие перчатки. Основной материал — хлопковая ткань.;2050;;Одежда и аксессуары
Таз, резная отделка;;Металлический или деревянный таз. Ручная декоративная резьба.;2050;;Бытовые предметы
Идол из кости с засечками по краю;;"Маленькая фигурка неизвестного существа; с засечками по краю. Магических свойств не обнаружено.";2100;;Редкости, диковинки и странные предметы
Идол из кости с изображением ворона;;"Маленькая фигурка неизвестного существа; с изображением ворона. Магических свойств не обнаружено.";2100;;Редкости, диковинки и странные предметы
Идол из кости с изображением луны;;"Маленькая фигурка неизвестного существа; с изображением луны. Магических свойств не обнаружено.";2100;;Редкости, диковинки и странные предметы
Идол из кости с картой острова;;"Маленькая фигурка неизвестного существа; с картой острова. Магических свойств не обнаружено.";2100;;Редкости, диковинки и странные предметы
Идол из кости с неизвестной буквой;;"Маленькая фигурка неизвестного существа; с неизвестной буквой. Магических свойств не обнаружено.";2100;;Редкости, диковинки и странные предметы
Идол из кости с семью точками;;"Маленькая фигурка неизвестного существа; с семью точками. Магических свойств не обнаружено.";2100;;Редкости, диковинки и странные предметы
Идол из кости с тремя глазами;;"Маленькая фигурка неизвестного существа; с тремя глазами. Магических свойств не обнаружено.";2100;;Редкости, диковинки и странные предметы
Идол из кости со спиралью;;"Маленькая фигурка неизвестного существа; со спиралью. Магических свойств не обнаружено.";2100;;Редкости, диковинки и странные предметы
Рюкзак, простое исполнение;;Прочный походный рюкзак. Простое исполнение.;2100;;Снаряжение и инструменты
Фонарь закрытый, простое исполнение;;Переносной защищённый фонарь. Простое исполнение.;2100;;Снаряжение и инструменты
Бронза, 1 кг, отборный сорт;;Заготовка бронзы. Высокое качество.;2150;;Ремесленные материалы
Брус деревянный, мастерская партия;;Строительный деревянный брус. Редко встречающееся качество и однородность.;2150;;Ремесленные материалы
Ведро деревянное, резная отделка;;Прочное ведро. Ручная декоративная резьба.;2150;;Бытовые предметы
Дротик, мастерской работы;;"Короткое метательное оружие; точная балансировка и качественная отделка.";2150;;Оружие
Дубинка, мастерской работы;;"Простое лёгкое дробящее оружие; точная балансировка и качественная отделка.";2150;;Оружие
Краска чёрная, банка, мастерская партия;;Пигмент и связующее для отделки. Редко встречающееся качество и однородность.;2150;;Ремесленные материалы
Купчая, заверенная;;"Подтверждает законную передачу собственности; с печатями и регистрацией.";2150;;Книги, свитки и документы
Мех простой, ремесленная подготовка;;Шкура обычного пушного зверя. Подготовлен для мастерской.;2150;;Ремесленные материалы
Простыня, резная отделка;;Льняная простыня. Ручная декоративная резьба.;2150;;Бытовые предметы
Туника, тёплая отделка;;Простая свободная туника. Основной материал — хорошая шерсть.;2150;;Одежда и аксессуары
Шерсть, 1 кг, мастерская партия;;Очищенная овечья шерсть. Редко встречающееся качество и однородность.;2150;;Ремесленные материалы
Шерстяная ткань, 1 м, мастерская партия;;Тёплая ткань. Редко встречающееся качество и однородность.;2150;;Ремесленные материалы
Боевой посох;;Прочный шест для боя.;2200;;Оружие
Кольцо-печатка из дерева с засечками по краю;;"Кольцо с незнакомым гербом; с засечками по краю. Магических свойств не обнаружено.";2200;;Редкости, диковинки и странные предметы
Кольцо-печатка из дерева с изображением ворона;;"Кольцо с незнакомым гербом; с изображением ворона. Магических свойств не обнаружено.";2200;;Редкости, диковинки и странные предметы
Кольцо-печатка из дерева с изображением луны;;"Кольцо с незнакомым гербом; с изображением луны. Магических свойств не обнаружено.";2200;;Редкости, диковинки и странные предметы
Кольцо-печатка из дерева с картой острова;;"Кольцо с незнакомым гербом; с картой острова. Магических свойств не обнаружено.";2200;;Редкости, диковинки и странные предметы
Кольцо-печатка из дерева с неизвестной буквой;;"Кольцо с незнакомым гербом; с неизвестной буквой. Магических свойств не обнаружено.";2200;;Редкости, диковинки и странные предметы
Кольцо-печатка из дерева с семью точками;;"Кольцо с незнакомым гербом; с семью точками. Магических свойств не обнаружено.";2200;;Редкости, диковинки и странные предметы
Кольцо-печатка из дерева с тремя глазами;;"Кольцо с незнакомым гербом; с тремя глазами. Магических свойств не обнаружено.";2200;;Редкости, диковинки и странные предметы
Кольцо-печатка из дерева со спиралью;;"Кольцо с незнакомым гербом; со спиралью. Магических свойств не обнаружено.";2200;;Редкости, диковинки и странные предметы
Лицензия на охоту;;Сезонное разрешение на охоту.;2200;;Книги, свитки и документы
Лом;;Стальной лом для рычажной работы.;2200;;Снаряжение и инструменты
Лопата;;Прочная железная лопата.;2200;;Снаряжение и инструменты
Набор посуды походный;;Компактная миска, кружка и приборы.;2200;;Снаряжение и инструменты
Платье простое;;Повседневное платье.;2200;;Одежда и аксессуары
Скальпель;;Очень острый медицинский нож.;2200;;Алхимия и медицина
Шафран, 10 г;;Очень дорогая пряность.;2200;;Питание и напитки
Шкатулка;;Небольшая деревянная коробка.;2200;;Бытовые предметы
Боевой посох, походного образца;;"Прочный шест для боя; простой, надёжный и ремонтопригодный.";2300;;Оружие
Бритва, добротное исполнение;;Складная стальная бритва. Качественные материалы.;2300;;Бытовые предметы
Карта морская, простое исполнение;;Подробная навигационная карта побережья. Простое исполнение.;2300;;Снаряжение и инструменты
Копьё, учебного образца;;"Древковое колющее оружие; затуплен или ослаблен для тренировки.";2300;;Оружие
Краска белая, банка, мастерская партия;;Пигмент и связующее для отделки. Редко встречающееся качество и однородность.;2300;;Ремесленные материалы
Молоток, профессиональное исполнение;;Обычный рабочий молоток. Рассчитан на постоянную работу.;2300;;Снаряжение и инструменты
Сталь, 1 кг, мастерская партия;;Заготовка качественной стали. Редко встречающееся качество и однородность.;2300;;Ремесленные материалы
Валериана, мазь;;"Успокаивающее действие; готовое наружное средство.";2350;;Алхимия и медицина
Крюк-кошка;;Железный крюк для зацепа верёвки.;2400;;Снаряжение и инструменты
Лом, походное исполнение;;Стальной лом для рычажной работы. Усилен для дороги.;2400;;Снаряжение и инструменты
Лопата, походное исполнение;;Прочная железная лопата. Усилен для дороги.;2400;;Снаряжение и инструменты
Набор посуды походный, походное исполнение;;Компактная миска, кружка и приборы. Усилен для дороги.;2400;;Снаряжение и инструменты
Печать ручная;;Металлическая или деревянная печать без герба.;2400;;Снаряжение и инструменты
Подсвечник на 3 свечи;;Небольшой настольный канделябр.;2400;;Бытовые предметы
Ртуть очищенная, флакон;;[МАГИЧЕСКИЙ КОМПОНЕНТ] Очищенная ртуть для алхимико-магических формул.;2400;;Магические компоненты и реагенты
Рыболовные снасти;;Леска, крючки, поплавки и грузила.;2400;;Снаряжение и инструменты
Свиток гильдейских правил;;Официальная копия внутренних правил гильдии.;2400;;Книги, свитки и документы
Стеклянный шар с корабликом;;Сувенир: крошечная модель корабля внутри стеклянного шара.;2400;;Редкости, диковинки и странные предметы
Большая дубина, военного образца;;"Тяжёлая двуручная дубина; усиленная сборка и лучшее качество стали.";2450;;Оружие
Кирка шахтёрская, простое исполнение;;Тяжёлая кирка. Простое исполнение.;2450;;Снаряжение и инструменты
Перчатки кожаные, тёплая отделка;;Рабочие перчатки. Основной материал — хорошая шерсть.;2450;;Одежда и аксессуары
Серп, военного образца;;"Изогнутый короткий клинок; усиленная сборка и лучшее качество стали.";2450;;Оружие
Бусы стеклянные, дворцовая работа;;Декоративные стеклянные бусы. Исключительное качество и дорогая отделка.;2500;;Драгоценности и предметы роскоши
Замок простой;;Небольшой механический замок.;2500;;Снаряжение и инструменты
Короб дорожный, простое исполнение;;Жёсткий короб для перевозки вещей. Простая работа.;2500;;Бытовые предметы
Кошель с 25 серебряных монет;;"Кошель, содержащий ровно 25 серебряных монет; ценность равна содержимому.";2500;;Деньги и ценности
Кошель с 2500 медных монет;;"Кошель, содержащий ровно 2500 медных монет; ценность равна содержимому.";2500;;Деньги и ценности
Лицензия торговца;;Официальный документ, разрешающий торговлю в указанной юрисдикции.;2500;;Книги, свитки и документы
Настойка травяная, кувшин;;"Кувшин напитка; обычное трактирное качество.";2500;;Питание и напитки
Реторта;;Стеклянный сосуд для перегонки.;2500;;Алхимия и медицина
Железные шипы, 10 шт., мастерское исполнение;;Набор крепёжных шипов. Точное качественное исполнение.;2550;;Снаряжение и инструменты
Латунь, 1 кг, отборный сорт;;Заготовка латуни. Высокое качество.;2550;;Ремесленные материалы
Платье простое, повседневная отделка;;Повседневное платье. Основной материал — хлопковая ткань.;2550;;Одежда и аксессуары
Сливовый ликёр, бутылка;;"Бутылка напитка; обычное трактирное качество.";2550;;Питание и напитки
Бочка малая;;Небольшая деревянная бочка.;2600;;Бытовые предметы
Кожа выделанная, лист;;Качественно выделанная кожа.;2600;;Ремесленные материалы
Корыто, добротное исполнение;;Большая бытовая ёмкость. Качественные материалы.;2600;;Бытовые предметы
Метательное копьё;;Лёгкое копьё для броска.;2600;;Оружие
Одеяло, добротное исполнение;;Тёплое шерстяное одеяло. Качественные материалы.;2600;;Бытовые предметы
Паспорт каравана, простая;;"Подтверждает состав и маршрут торгового каравана; обычная версия.";2600;;Книги, свитки и документы
Перчатки тонкие;;Мягкие городские перчатки.;2600;;Одежда и аксессуары
Стул простой;;Простой деревянный стул.;2600;;Бытовые предметы
Верёвка пеньковая, 15 м, профессиональное исполнение;;Толстая рабочая верёвка. Рассчитан на постоянную работу.;2650;;Снаряжение и инструменты
Крюк-кошка, походное исполнение;;Железный крюк для зацепа верёвки. Усилен для дороги.;2650;;Снаряжение и инструменты
Медь, 1 кг, мастерская партия;;Слиток или заготовка меди. Редко встречающееся качество и однородность.;2650;;Ремесленные материалы
Расчёска костяная, резная отделка;;Тонкая резная расчёска. Ручная декоративная резьба.;2650;;Бытовые предметы
Рыболовные снасти, походное исполнение;;Леска, крючки, поплавки и грузила. Усилен для дороги.;2650;;Снаряжение и инструменты
Хлопок, 1 кг, мастерская партия;;Очищенное растительное волокно. Редко встречающееся качество и однородность.;2650;;Ремесленные материалы
Капюшон отдельный, парадная отделка;;Тканевый съёмный капюшон. Основной материал — тяжёлый бархат.;2700;;Одежда и аксессуары
Карта местности, мастерское исполнение;;Бумажная карта одного района. Точное качественное исполнение.;2700;;Снаряжение и инструменты
Подшипники, мешочек, мастерское исполнение;;Мешочек мелких металлических шариков. Точное качественное исполнение.;2700;;Снаряжение и инструменты
Рубаха льняная, парадная отделка;;Простая повседневная рубаха. Основной материал — тяжёлый бархат.;2700;;Одежда и аксессуары
Фартук рабочий, парадная отделка;;Плотный защитный фартук. Основной материал — тяжёлый бархат.;2700;;Одежда и аксессуары
Фляга, мастерское исполнение;;Небольшая фляга для воды. Точное качественное исполнение.;2700;;Снаряжение и инструменты
Замок простой, походное исполнение;;Небольшой механический замок. Усилен для дороги.;2750;;Снаряжение и инструменты
Кувалда, простое исполнение;;Тяжёлый ударный инструмент. Простое исполнение.;2750;;Снаряжение и инструменты
Лупа, простое исполнение;;Увеличительное стекло в оправе. Простое исполнение.;2750;;Снаряжение и инструменты
Метательное копьё, походного образца;;"Лёгкое копьё для броска; простой, надёжный и ремонтопригодный.";2750;;Оружие
Наручники, простое исполнение;;Пара стальных кандалов с замком. Простое исполнение.;2750;;Снаряжение и инструменты
Карта старого квартала;;Подробный план улиц и дворов старого городского района.;2800;;Книги, свитки и документы
Книга пустая;;Переплетённая книга с чистыми страницами.;2800;;Книги, свитки и документы
Матрас соломенный;;Простой матрас с растительной набивкой.;2800;;Бытовые предметы
Мех простой, отборный сорт;;Шкура обычного пушного зверя. Высокое качество.;2800;;Ремесленные материалы
Пояс с карманами;;Пояс с несколькими подсумками.;2800;;Одежда и аксессуары
Святая вода, флакон;;"[МАГИЧЕСКИЙ КОМПОНЕНТ] Освящённая вода; может вредить некоторым нечестивым существам и используется в обрядах.";2800;;Магические компоненты и реагенты
Спальный мешок;;Тёплая подстилка и одеяло в свёртке.;2800;;Снаряжение и инструменты
Стекло оконное, лист;;Ровный лист прозрачного стекла.;2800;;Ремесленные материалы
Кольцо-печатка из кости с засечками по краю;;"Кольцо с незнакомым гербом; с засечками по краю. Магических свойств не обнаружено.";2850;;Редкости, диковинки и странные предметы
Кольцо-печатка из кости с изображением ворона;;"Кольцо с незнакомым гербом; с изображением ворона. Магических свойств не обнаружено.";2850;;Редкости, диковинки и странные предметы
Кольцо-печатка из кости с изображением луны;;"Кольцо с незнакомым гербом; с изображением луны. Магических свойств не обнаружено.";2850;;Редкости, диковинки и странные предметы
Кольцо-печатка из кости с картой острова;;"Кольцо с незнакомым гербом; с картой острова. Магических свойств не обнаружено.";2850;;Редкости, диковинки и странные предметы
Кольцо-печатка из кости с неизвестной буквой;;"Кольцо с незнакомым гербом; с неизвестной буквой. Магических свойств не обнаружено.";2850;;Редкости, диковинки и странные предметы
Кольцо-печатка из кости с семью точками;;"Кольцо с незнакомым гербом; с семью точками. Магических свойств не обнаружено.";2850;;Редкости, диковинки и странные предметы
Кольцо-печатка из кости с тремя глазами;;"Кольцо с незнакомым гербом; с тремя глазами. Магических свойств не обнаружено.";2850;;Редкости, диковинки и странные предметы
Кольцо-печатка из кости со спиралью;;"Кольцо с незнакомым гербом; со спиралью. Магических свойств не обнаружено.";2850;;Редкости, диковинки и странные предметы
Ручной топор, учебного образца;;"Компактный топор, пригодный для боя и быта; затуплен или ослаблен для тренировки.";2850;;Оружие
Браслет медный, тонкая работа;;Простой металлический браслет. Высокое качество обработки.;2900;;Драгоценности и предметы роскоши
Кожа сыромятная, лист, мастерская партия;;Грубая необработанная кожа. Редко встречающееся качество и однородность.;2900;;Ремесленные материалы
Пепел огра, мешочек;;"[МАГИЧЕСКИЙ КОМПОНЕНТ] Порошкообразный остаток существа; используется в специализированных ритуалах и алхимии.";2900;;Магические компоненты и реагенты
Подушка, резная отделка;;Набивная подушка. Ручная декоративная резьба.;2900;;Бытовые предметы
Проволока медная, 10 м, мастерская партия;;Катушка медной проволоки. Редко встречающееся качество и однородность.;2900;;Ремесленные материалы
Свиток морских пошлин;;Таблица портовых сборов и пошлин.;2900;;Книги, свитки и документы
Судебная копия, архивная;;"Заверенная копия решения суда; старая редкая копия, представляющая коллекционный интерес.";2900;;Книги, свитки и документы
Шляпа широкополая;;Шляпа от солнца и дождя.;2900;;Одежда и аксессуары
Боевой посох, военного образца;;"Прочный шест для боя; усиленная сборка и лучшее качество стали.";2950;;Оружие
Дротик, церемониальное исполнение;;"Короткое метательное оружие; богато украшен, но остаётся пригодным для боя.";2950;;Оружие
Дубинка, церемониальное исполнение;;"Простое лёгкое дробящее оружие; богато украшен, но остаётся пригодным для боя.";2950;;Оружие
Платье простое, тёплая отделка;;Повседневное платье. Основной материал — хорошая шерсть.;2950;;Одежда и аксессуары
Перчатки тонкие, повседневная отделка;;Мягкие городские перчатки. Основной материал — хлопковая ткань.;3000;;Одежда и аксессуары
Калтропы, мешочек, профессиональное исполнение;;Набор четырёхшипных металлических колючек. Рассчитан на постоянную работу.;3050;;Снаряжение и инструменты
Кожа выделанная, лист, ремесленная подготовка;;Качественно выделанная кожа. Подготовлен для мастерской.;3100;;Ремесленные материалы
Компас, простое исполнение;;Магнитный дорожный компас. Простое исполнение.;3100;;Снаряжение и инструменты
Олово, 1 кг, мастерская партия;;Слиток олова. Редко встречающееся качество и однородность.;3100;;Ремесленные материалы
Спальный мешок, походное исполнение;;Тёплая подстилка и одеяло в свёртке. Усилен для дороги.;3100;;Снаряжение и инструменты
Бусы стеклянные, антикварный экземпляр;;Декоративные стеклянные бусы. Возраст и происхождение повышают коллекционную ценность.;3150;;Драгоценности и предметы роскоши
Шёлковая ткань, 1 м, низкий сорт;;Тонкая дорогая ткань. Низкое качество.;3150;;Ремесленные материалы
Защитные перчатки алхимика;;Профессиональное средство или оборудование для лекаря и алхимика.;3200;;Алхимия и медицина
Кость с неизвестными письменами;;Старая обработанная кость с нерасшифрованными знаками.;3200;;Редкости, диковинки и странные предметы
Лёгкий молот;;Небольшой боевой молот.;3200;;Оружие
Накидка с капюшоном;;Простая накидка, скрывающая голову и плечи.;3200;;Одежда и аксессуары
Пояс с карманами, повседневная отделка;;Пояс с несколькими подсумками. Основной материал — хлопковая ткань.;3200;;Одежда и аксессуары
Рюкзак;;Прочный походный рюкзак.;3200;;Снаряжение и инструменты
Сборник застольных песен;;Тексты популярных трактирных песен.;3200;;Книги, свитки и документы
Свиток храмовых пожертвований;;Учёт пожертвований и обязательств прихожан.;3200;;Книги, свитки и документы
Фонарь закрытый;;Переносной защищённый фонарь.;3200;;Снаряжение и инструменты
Фосфорный порошок;;[МАГИЧЕСКИЙ КОМПОНЕНТ] Светящийся порошок для световых и огненных эффектов.;3200;;Магические компоненты и реагенты
Шкатулка, добротное исполнение;;Небольшая деревянная коробка. Качественные материалы.;3200;;Бытовые предметы
Гильдейская рекомендация, заверенная;;"Официальное письмо о квалификации владельца; с печатями и регистрацией.";3250;;Книги, свитки и документы
Капюшон отдельный, богатая отделка;;Тканевый съёмный капюшон. Основной материал — натуральный шёлк.;3250;;Одежда и аксессуары
Рубаха льняная, богатая отделка;;Простая повседневная рубаха. Основной материал — натуральный шёлк.;3250;;Одежда и аксессуары
Фартук рабочий, богатая отделка;;Плотный защитный фартук. Основной материал — натуральный шёлк.;3250;;Одежда и аксессуары
Шапка шерстяная, парадная отделка;;Простая тёплая шапка. Основной материал — тяжёлый бархат.;3300;;Одежда и аксессуары
Бронза, 1 кг, мастерская партия;;Заготовка бронзы. Редко встречающееся качество и однородность.;3350;;Ремесленные материалы
Лёгкий молот, походного образца;;"Небольшой боевой молот; простой, надёжный и ремонтопригодный.";3350;;Оружие
Ножницы, резная отделка;;Бытовые ножницы. Ручная декоративная резьба.;3350;;Бытовые предметы
Шляпа широкополая, повседневная отделка;;Шляпа от солнца и дождя. Основной материал — хлопковая ткань.;3350;;Одежда и аксессуары
Зеркало стальное, профессиональное исполнение;;Полированная стальная пластина. Рассчитан на постоянную работу.;3400;;Снаряжение и инструменты
Котелок походный, профессиональное исполнение;;Небольшой металлический котёл. Рассчитан на постоянную работу.;3400;;Снаряжение и инструменты
Сливовый ликёр, кувшин;;"Кувшин напитка; обычное трактирное качество.";3400;;Питание и напитки
Цепь, 3 м, простое исполнение;;Тяжёлая железная цепь. Простое исполнение.;3400;;Снаряжение и инструменты
Карта лесных троп;;Подробная карта троп и стоянок большого лесного района.;3500;;Книги, свитки и документы
Карта морская;;Подробная навигационная карта побережья.;3500;;Снаряжение и инструменты
Карта сокровищ сомнительная;;"Рукописная карта с отметкой тайника; достоверность не гарантирована.";3500;;Книги, свитки и документы
Кинжал;;Короткий колюще-режущий клинок.;3500;;Оружие
Кнут;;Гибкое оружие с длинным ремнём.;3500;;Оружие
Метательное копьё, военного образца;;"Лёгкое копьё для броска; усиленная сборка и лучшее качество стали.";3500;;Оружие
Очки защитные;;Стеклянные очки для ремесленной работы.;3500;;Одежда и аксессуары
Перчатки тонкие, тёплая отделка;;Мягкие городские перчатки. Основной материал — хорошая шерсть.;3500;;Одежда и аксессуары
Рюкзак, походное исполнение;;Прочный походный рюкзак. Усилен для дороги.;3500;;Снаряжение и инструменты
Фонарь закрытый, походное исполнение;;Переносной защищённый фонарь. Усилен для дороги.;3500;;Снаряжение и инструменты
Короб дорожный;;Жёсткий короб для перевозки вещей.;3600;;Бытовые предметы
Молоток, мастерское исполнение;;Обычный рабочий молоток. Точное качественное исполнение.;3600;;Снаряжение и инструменты
Осколок кости огра;;"[МАГИЧЕСКИЙ КОМПОНЕНТ] Твёрдый ритуальный материал существа; используется в специализированных ритуалах и алхимии.";3600;;Магические компоненты и реагенты
Сборник народных сказок;;Популярное собрание сказок и легенд.;3600;;Книги, свитки и документы
Штаны рабочие, парадная отделка;;Плотные штаны для физической работы. Основной материал — тяжёлый бархат.;3600;;Одежда и аксессуары
Бочка большая, простое исполнение;;Большая бочка для воды или товара. Простая работа.;3650;;Бытовые предметы
Кошки альпинистские, простое исполнение;;Шипованные накладки для подъёма. Простое исполнение.;3650;;Снаряжение и инструменты
Кинжал, походного образца;;"Короткий колюще-режущий клинок; простой, надёжный и ремонтопригодный.";3700;;Оружие
Накидка с капюшоном, повседневная отделка;;Простая накидка, скрывающая голову и плечи. Основной материал — хлопковая ткань.;3700;;Одежда и аксессуары
Бочка малая, добротное исполнение;;Небольшая деревянная бочка. Качественные материалы.;3750;;Бытовые предметы
Булава, учебного образца;;"Одноручное дробящее оружие; затуплен или ослаблен для тренировки.";3750;;Оружие
Фонарь направленный, простое исполнение;;Фонарь с заслонкой и направленным светом. Простое исполнение.;3750;;Снаряжение и инструменты
Кирка шахтёрская;;Тяжёлая кирка.;3800;;Снаряжение и инструменты
Плащ дорожный;;Плотный плащ от ветра и дождя.;3800;;Одежда и аксессуары
Пояс с карманами, тёплая отделка;;Пояс с несколькими подсумками. Основной материал — хорошая шерсть.;3800;;Одежда и аксессуары
Справочник мер и весов;;Таблицы торговых мер, весов и пересчётов.;3800;;Книги, свитки и документы
Бритва, резная отделка;;Складная стальная бритва. Ручная декоративная резьба.;3850;;Бытовые предметы
Карта морская, походное исполнение;;Подробная навигационная карта побережья. Усилен для дороги.;3850;;Снаряжение и инструменты
Купчая, архивная;;"Подтверждает законную передачу собственности; старая редкая копия, представляющая коллекционный интерес.";3850;;Книги, свитки и документы
Шарф шерстяной, парадная отделка;;Тёплый шарф. Основной материал — тяжёлый бархат.;3900;;Одежда и аксессуары
Шляпа широкополая, тёплая отделка;;Шляпа от солнца и дождя. Основной материал — хорошая шерсть.;3900;;Одежда и аксессуары
Юбка простая, парадная отделка;;Повседневная юбка из недорогой ткани. Основной материал — тяжёлый бархат.;3900;;Одежда и аксессуары
Латунь, 1 кг, мастерская партия;;Заготовка латуни. Редко встречающееся качество и однородность.;3950;;Ремесленные материалы
Шапка шерстяная, богатая отделка;;Простая тёплая шапка. Основной материал — натуральный шёлк.;3950;;Одежда и аксессуары
Кошель с 40 серебряных монет;;"Кошель, содержащий ровно 40 серебряных монет; ценность равна содержимому.";4000;;Деньги и ценности
Кожа выделанная, лист, отборный сорт;;Качественно выделанная кожа. Высокое качество.;4050;;Ремесленные материалы
Матрас соломенный, добротное исполнение;;Простой матрас с растительной набивкой. Качественные материалы.;4050;;Бытовые предметы
Верёвка пеньковая, 15 м, мастерское исполнение;;Толстая рабочая верёвка. Точное качественное исполнение.;4200;;Снаряжение и инструменты
Карта речных бродов;;Схема бродов, переправ и сезонных отмелей.;4200;;Книги, свитки и документы
Кирка шахтёрская, походное исполнение;;Тяжёлая кирка. Усилен для дороги.;4200;;Снаряжение и инструменты
Кислота концентрированная, флакон;;"Сильный едкий реагент; опасен при контакте.";4200;;Алхимия и медицина
Копьё;;Древковое колющее оружие.;4200;;Оружие
Кувалда;;Тяжёлый ударный инструмент.;4200;;Снаряжение и инструменты
Лом, профессиональное исполнение;;Стальной лом для рычажной работы. Рассчитан на постоянную работу.;4200;;Снаряжение и инструменты
Лопата, профессиональное исполнение;;Прочная железная лопата. Рассчитан на постоянную работу.;4200;;Снаряжение и инструменты
Лупа;;Увеличительное стекло в оправе.;4200;;Снаряжение и инструменты
Набор для наложения швов;;Профессиональное средство или оборудование для лекаря и алхимика.;4200;;Алхимия и медицина
Набор посуды походный, профессиональное исполнение;;Компактная миска, кружка и приборы. Рассчитан на постоянную работу.;4200;;Снаряжение и инструменты
Наручники;;Пара стальных кандалов с замком.;4200;;Снаряжение и инструменты
Песочные часы, простое исполнение;;Часы на один стандартный интервал. Простое исполнение.;4200;;Снаряжение и инструменты
Родословная, простая;;"Официальная схема происхождения семьи; обычная версия.";4200;;Книги, свитки и документы
Сандалии, парадная отделка;;Простая открытая обувь. Основной материал — тяжёлый бархат.;4200;;Одежда и аксессуары
Сушильная рама травника;;Профессиональное средство или оборудование для лекаря и алхимика.;4200;;Алхимия и медицина
Туфли кожаные;;Городская кожаная обувь.;4200;;Одежда и аксессуары
Фартук кузнечный;;Толстый кожаный фартук.;4200;;Одежда и аксессуары
Шёлковая ткань, 1 м;;Тонкая дорогая ткань.;4200;;Ремесленные материалы
Большая дубина, мастерской работы;;"Тяжёлая двуручная дубина; точная балансировка и качественная отделка.";4300;;Оружие
Корыто, резная отделка;;Большая бытовая ёмкость. Ручная декоративная резьба.;4300;;Бытовые предметы
Лёгкий молот, военного образца;;"Небольшой боевой молот; усиленная сборка и лучшее качество стали.";4300;;Оружие
Мех простой, мастерская партия;;Шкура обычного пушного зверя. Редко встречающееся качество и однородность.;4300;;Ремесленные материалы
Накидка с капюшоном, тёплая отделка;;Простая накидка, скрывающая голову и плечи. Основной материал — хорошая шерсть.;4300;;Одежда и аксессуары
Одеяло, резная отделка;;Тёплое шерстяное одеяло. Ручная декоративная резьба.;4300;;Бытовые предметы
Серп, мастерской работы;;"Изогнутый короткий клинок; точная балансировка и качественная отделка.";4300;;Оружие
Штаны рабочие, богатая отделка;;Плотные штаны для физической работы. Основной материал — натуральный шёлк.;4300;;Одежда и аксессуары
Плащ дорожный, повседневная отделка;;Плотный плащ от ветра и дождя. Основной материал — хлопковая ткань.;4350;;Одежда и аксессуары
Копьё, походного образца;;"Древковое колющее оружие; простой, надёжный и ремонтопригодный.";4400;;Оружие
Охотничий капкан, простое исполнение;;Механическая ловушка на зверя. Простое исполнение.;4400;;Снаряжение и инструменты
Вино выдержанное, бутылка;;Бутылка хорошего выдержанного вина.;4500;;Питание и напитки
Защитная маска алхимика;;Профессиональное средство или оборудование для лекаря и алхимика.;4500;;Алхимия и медицина
Кровь огра, флакон;;"[МАГИЧЕСКИЙ КОМПОНЕНТ] Биологический реагент существа; используется в специализированных ритуалах и алхимии.";4500;;Магические компоненты и реагенты
Ремень кожаный, парадная отделка;;Прочный ремень с пряжкой. Основной материал — тяжёлый бархат.;4500;;Одежда и аксессуары
Сапоги рабочие;;Прочные кожаные сапоги.;4500;;Одежда и аксессуары
Сборник баллад;;Книга популярных песен и баллад.;4500;;Книги, свитки и документы
Справочник морских узлов;;Руководство по морским и грузовым узлам.;4500;;Книги, свитки и документы
Яд растительный слабый;;"Токсичная вытяжка; требует осторожного обращения.";4500;;Алхимия и медицина
Крюк-кошка, профессиональное исполнение;;Железный крюк для зацепа верёвки. Рассчитан на постоянную работу.;4550;;Снаряжение и инструменты
Рыболовные снасти, профессиональное исполнение;;Леска, крючки, поплавки и грузила. Рассчитан на постоянную работу.;4550;;Снаряжение и инструменты
Сундук простой, простое исполнение;;Деревянный сундук с простым запором. Простая работа.;4550;;Бытовые предметы
Кувалда, походное исполнение;;Тяжёлый ударный инструмент. Усилен для дороги.;4600;;Снаряжение и инструменты
Лупа, походное исполнение;;Увеличительное стекло в оправе. Усилен для дороги.;4600;;Снаряжение и инструменты
Наручники, походное исполнение;;Пара стальных кандалов с замком. Усилен для дороги.;4600;;Снаряжение и инструменты
Блок и таль, простое исполнение;;Система роликов для подъёма груза. Простое исполнение.;4700;;Снаряжение и инструменты
Кинжал, военного образца;;"Короткий колюще-режущий клинок; усиленная сборка и лучшее качество стали.";4700;;Оружие
Паспорт каравана, заверенная;;"Подтверждает состав и маршрут торгового каравана; с печатями и регистрацией.";4700;;Книги, свитки и документы
Шарф шерстяной, богатая отделка;;Тёплый шарф. Основной материал — натуральный шёлк.;4700;;Одежда и аксессуары
Юбка простая, богатая отделка;;Повседневная юбка из недорогой ткани. Основной материал — натуральный шёлк.;4700;;Одежда и аксессуары
Замок простой, профессиональное исполнение;;Небольшой механический замок. Рассчитан на постоянную работу.;4750;;Снаряжение и инструменты
Калтропы, мешочек, мастерское исполнение;;Набор четырёхшипных металлических колючек. Точное качественное исполнение.;4800;;Снаряжение и инструменты
Книга складского учёта;;Подробная ведомость приходов и расходов товара.;4800;;Книги, свитки и документы
Компас;;Магнитный дорожный компас.;4800;;Снаряжение и инструменты
Костюм простой;;Комплект городской одежды.;4800;;Одежда и аксессуары
Лицензия на ношение оружия;;Разрешение на ношение определённого оружия в регулируемой юрисдикции.;4800;;Книги, свитки и документы
Религиозный молитвенник;;Сборник молитв и обрядов.;4800;;Книги, свитки и документы
Сеть боевая;;Утяжелённая сеть для захвата.;4800;;Оружие
Туника, парадная отделка;;Простая свободная туника. Основной материал — тяжёлый бархат.;4800;;Одежда и аксессуары
Туфли кожаные, повседневная отделка;;Городская кожаная обувь. Основной материал — хлопковая ткань.;4850;;Одежда и аксессуары
Фартук кузнечный, повседневная отделка;;Толстый кожаный фартук. Основной материал — хлопковая ткань.;4850;;Одежда и аксессуары
Наручи, ополченческое исполнение;;Пара защитных наручей. Простая массовая работа.;4900;;Доспехи и защита
50 серебряных монет;;Пятьдесят серебряных монет.;5000;;Деньги и ценности
Кошель с 5000 медных монет;;"Кошель, содержащий ровно 5000 медных монет; ценность равна содержимому.";5000;;Деньги и ценности
Боевой топор, учебного образца;;"Универсальный одноручный топор; затуплен или ослаблен для тренировки.";5050;;Оружие
Браслет медный, дворцовая работа;;Простой металлический браслет. Исключительное качество и дорогая отделка.;5050;;Драгоценности и предметы роскоши
Замок хороший, простое исполнение;;Качественный сложный замок. Простое исполнение.;5050;;Снаряжение и инструменты
Сандалии, богатая отделка;;Простая открытая обувь. Основной материал — натуральный шёлк.;5050;;Одежда и аксессуары
Шёлковая ткань, 1 м, ремесленная подготовка;;Тонкая дорогая ткань. Подготовлен для мастерской.;5050;;Ремесленные материалы
Плащ дорожный, тёплая отделка;;Плотный плащ от ветра и дождя. Основной материал — хорошая шерсть.;5150;;Одежда и аксессуары
Бочка большая;;Большая бочка для воды или товара.;5200;;Бытовые предметы
Весы торговые;;Небольшие точные чашечные весы.;5200;;Снаряжение и инструменты
Желчь огра, флакон;;"[МАГИЧЕСКИЙ КОМПОНЕНТ] Едкий органический реагент существа; используется в специализированных ритуалах и алхимии.";5200;;Магические компоненты и реагенты
Книга печатная хорошая;;Качественное печатное издание.;5200;;Книги, свитки и документы
Короб дорожный, добротное исполнение;;Жёсткий короб для перевозки вещей. Качественные материалы.;5200;;Бытовые предметы
Лицензия на торговлю алкоголем;;Официальное разрешение на продажу алкоголя.;5200;;Книги, свитки и документы
Монокль;;Одиночная линза в оправе.;5200;;Одежда и аксессуары
Набор для лечения переломов;;Профессиональное средство или оборудование для лекаря и алхимика.;5200;;Алхимия и медицина
Плащ шерстяной;;Тёплый шерстяной плащ.;5200;;Одежда и аксессуары
Ручной топор;;Компактный топор, пригодный для боя и быта.;5200;;Оружие
Ряса;;Длинная свободная религиозная одежда.;5200;;Одежда и аксессуары
Сапоги рабочие, повседневная отделка;;Прочные кожаные сапоги. Основной материал — хлопковая ткань.;5200;;Одежда и аксессуары
Сборник морских легенд;;Истории моряков, часть которых может быть правдой.;5200;;Книги, свитки и документы
Скамья;;Длинная деревянная скамья.;5200;;Бытовые предметы
Справочник дорожных растений;;Практический справочник по съедобным и опасным растениям вдоль дорог.;5200;;Книги, свитки и документы
Стекло цветное, лист;;Декоративное цветное стекло.;5200;;Ремесленные материалы
Цепь, 3 м;;Тяжёлая железная цепь.;5200;;Снаряжение и инструменты
Шлем открытый, ополченческое исполнение;;Металлический шлем с открытым лицом. Простая массовая работа.;5250;;Доспехи и защита
Боевой посох, мастерской работы;;"Прочный шест для боя; точная балансировка и качественная отделка.";5300;;Оружие
Компас, походное исполнение;;Магнитный дорожный компас. Усилен для дороги.;5300;;Снаряжение и инструменты
Спальный мешок, профессиональное исполнение;;Тёплая подстилка и одеяло в свёртке. Рассчитан на постоянную работу.;5300;;Снаряжение и инструменты
Шкатулка, резная отделка;;Небольшая деревянная коробка. Ручная декоративная резьба.;5300;;Бытовые предметы
Зеркало стальное, мастерское исполнение;;Полированная стальная пластина. Точное качественное исполнение.;5400;;Снаряжение и инструменты
Котелок походный, мастерское исполнение;;Небольшой металлический котёл. Точное качественное исполнение.;5400;;Снаряжение и инструменты
Перчатки кожаные, парадная отделка;;Рабочие перчатки. Основной материал — тяжёлый бархат.;5400;;Одежда и аксессуары
Ремень кожаный, богатая отделка;;Прочный ремень с пряжкой. Основной материал — натуральный шёлк.;5400;;Одежда и аксессуары
Ручной топор, походного образца;;"Компактный топор, пригодный для боя и быта; простой, надёжный и ремонтопригодный.";5450;;Оружие
Верёвка шёлковая, 15 м, простое исполнение;;Лёгкая и прочная шёлковая верёвка. Простое исполнение.;5500;;Снаряжение и инструменты
Книга постояльцев;;Старый журнал гостей трактира или гостиницы.;5500;;Книги, свитки и документы
Костюм простой, повседневная отделка;;Комплект городской одежды. Основной материал — хлопковая ткань.;5500;;Одежда и аксессуары
Нотная книга;;Сборник записанных мелодий.;5500;;Книги, свитки и документы
Отмычки, набор, простое исполнение;;Набор тонких инструментов для замков. Простое исполнение.;5500;;Снаряжение и инструменты
Патент на мастерскую, простая;;"Разрешение содержать мастерскую определённого типа; обычная версия.";5500;;Книги, свитки и документы
Сломанная печать дворянского дома;;"Фрагмент старой гербовой печати; историческая ценность зависит от дома.";5500;;Редкости, диковинки и странные предметы
Кошки альпинистские;;Шипованные накладки для подъёма.;5600;;Снаряжение и инструменты
Пепел ткани огра;;[МАГИЧЕСКИЙ КОМПОНЕНТ] Обработанный органический остаток огра.;5600;;Магические компоненты и реагенты
Копьё, военного образца;;"Древковое колющее оружие; усиленная сборка и лучшее качество стали.";5650;;Оружие
Туфли кожаные, тёплая отделка;;Городская кожаная обувь. Основной материал — хорошая шерсть.;5650;;Одежда и аксессуары
Фартук кузнечный, тёплая отделка;;Толстый кожаный фартук. Основной материал — хорошая шерсть.;5650;;Одежда и аксессуары
Цепь, 3 м, походное исполнение;;Тяжёлая железная цепь. Усилен для дороги.;5700;;Снаряжение и инструменты
Гильдейская рекомендация, архивная;;"Официальное письмо о квалификации владельца; старая редкая копия, представляющая коллекционный интерес.";5750;;Книги, свитки и документы
Туника, богатая отделка;;Простая свободная туника. Основной материал — натуральный шёлк.;5750;;Одежда и аксессуары
Короткий меч, учебного образца;;"Короткий военный клинок; затуплен или ослаблен для тренировки.";5800;;Оружие
Фонарь направленный;;Фонарь с заслонкой и направленным светом.;5800;;Снаряжение и инструменты
Большая дубина, церемониальное исполнение;;"Тяжёлая двуручная дубина; богато украшен, но остаётся пригодным для боя.";5950;;Оружие
Серп, церемониальное исполнение;;"Изогнутый короткий клинок; богато украшен, но остаётся пригодным для боя.";5950;;Оружие
Плащ шерстяной, повседневная отделка;;Тёплый шерстяной плащ. Основной материал — хлопковая ткань.;6000;;Одежда и аксессуары
Ряса, повседневная отделка;;Длинная свободная религиозная одежда. Основной материал — хлопковая ткань.;6000;;Одежда и аксессуары
Щит деревянный, ополченческое исполнение;;Простой щит из дерева с металлической окантовкой. Простая массовая работа.;6000;;Доспехи и защита
Рюкзак, профессиональное исполнение;;Прочный походный рюкзак. Рассчитан на постоянную работу.;6100;;Снаряжение и инструменты
Сапоги рабочие, тёплая отделка;;Прочные кожаные сапоги. Основной материал — хорошая шерсть.;6100;;Одежда и аксессуары
Фонарь закрытый, профессиональное исполнение;;Переносной защищённый фонарь. Рассчитан на постоянную работу.;6100;;Снаряжение и инструменты
Кошки альпинистские, походное исполнение;;Шипованные накладки для подъёма. Усилен для дороги.;6150;;Снаряжение и инструменты
Костюм дорожный;;Удобный комплект для пути.;6200;;Одежда и аксессуары
Учебник истории;;Обычный учебный текст по истории региона.;6200;;Книги, свитки и документы
Бочка малая, резная отделка;;Небольшая деревянная бочка. Ручная декоративная резьба.;6250;;Бытовые предметы
Кожа выделанная, лист, мастерская партия;;Качественно выделанная кожа. Редко встречающееся качество и однородность.;6250;;Ремесленные материалы
Метательное копьё, мастерской работы;;"Лёгкое копьё для броска; точная балансировка и качественная отделка.";6250;;Оружие
Браслет медный, антикварный экземпляр;;Простой металлический браслет. Возраст и происхождение повышают коллекционную ценность.;6300;;Драгоценности и предметы роскоши
Палатка на двоих, простое исполнение;;Плотная походная палатка. Простое исполнение.;6350;;Снаряжение и инструменты
Баклер, ополченческое исполнение;;Небольшой кулачный щит. Простая массовая работа.;6400;;Доспехи и защита
Серебро, 100 г, низкий сорт;;Чистое серебро в слитке или зерне. Низкое качество.;6400;;Ремесленные материалы
Фонарь направленный, походное исполнение;;Фонарь с заслонкой и направленным светом. Усилен для дороги.;6400;;Снаряжение и инструменты
Антитоксин простой;;"Снижает последствия распространённых ядов; не является универсальным противоядием.";6500;;Алхимия и медицина
Весы аптекарские;;Точные малые весы.;6500;;Алхимия и медицина
Кольцо серебряное;;Простое кольцо из серебра.;6500;;Драгоценности и предметы роскоши
Кольцо серебряное, простая работа;;Простое кольцо из серебра. Без известного автора.;6500;;Драгоценности и предметы роскоши
Костюм простой, тёплая отделка;;Комплект городской одежды. Основной материал — хорошая шерсть.;6500;;Одежда и аксессуары
Лицензия на перевозку опасных реагентов;;Официальное разрешение на перевозку опасной алхимии.;6500;;Книги, свитки и документы
Набор лекаря;;Бинты, иглы, шины и базовые медицинские принадлежности.;6500;;Снаряжение и инструменты
Наручи;;Пара защитных наручей.;6500;;Доспехи и защита
Перчатки кожаные, богатая отделка;;Рабочие перчатки. Основной материал — натуральный шёлк.;6500;;Одежда и аксессуары
Песочные часы;;Часы на один стандартный интервал.;6500;;Снаряжение и инструменты
Пресс для трав;;Профессиональное средство или оборудование для лекаря и алхимика.;6500;;Алхимия и медицина
Свиток родословной;;Церемониальная запись нескольких поколений одной семьи.;6500;;Книги, свитки и документы
Сундук простой;;Деревянный сундук с простым запором.;6500;;Бытовые предметы
Учебник бухгалтерии;;Основы торгового и складского учёта.;6500;;Книги, свитки и документы
Шёлковая ткань, 1 м, отборный сорт;;Тонкая дорогая ткань. Высокое качество.;6500;;Ремесленные материалы
Лом, мастерское исполнение;;Стальной лом для рычажной работы. Точное качественное исполнение.;6600;;Снаряжение и инструменты
Лопата, мастерское исполнение;;Прочная железная лопата. Точное качественное исполнение.;6600;;Снаряжение и инструменты
Набор посуды походный, мастерское исполнение;;Компактная миска, кружка и приборы. Точное качественное исполнение.;6600;;Снаряжение и инструменты
Платье простое, парадная отделка;;Повседневное платье. Основной материал — тяжёлый бархат.;6600;;Одежда и аксессуары
Цеп, учебного образца;;"Боевое оружие с ударной головкой на цепи; затуплен или ослаблен для тренировки.";6600;;Оружие
Карта морская, профессиональное исполнение;;Подробная навигационная карта побережья. Рассчитан на постоянную работу.;6650;;Снаряжение и инструменты
Матрас перьевой, простое исполнение;;Мягкий матрас с перьевой набивкой. Простая работа.;6650;;Бытовые предметы
Матрас соломенный, резная отделка;;Простой матрас с растительной набивкой. Ручная декоративная резьба.;6700;;Бытовые предметы
Поножи, ополченческое исполнение;;Пара защитных поножей. Простая массовая работа.;6750;;Доспехи и защита
Стёганый доспех, ополченческое исполнение;;Лёгкая защита из нескольких слоёв ткани. Простая массовая работа.;6750;;Доспехи и защита
Булава;;Одноручное дробящее оружие.;6800;;Оружие
Зеркало стеклянное;;Небольшое зеркало в раме.;6800;;Бытовые предметы
Карта шахты, простая;;"Подробная схема выработок; обычная версия.";6800;;Книги, свитки и документы
Набор для удаления стрел;;Профессиональное средство или оборудование для лекаря и алхимика.;6800;;Алхимия и медицина
Наручи, походное исполнение;;Пара защитных наручей. Ремни и крепления рассчитаны на дорогу.;6800;;Доспехи и защита
Охотничий капкан;;Механическая ловушка на зверя.;6800;;Снаряжение и инструменты
Сапоги дорожные;;Усиленные сапоги для долгой ходьбы.;6800;;Одежда и аксессуары
Справочник ядовитых грибов;;Иллюстрированный справочник по опасным грибам.;6800;;Книги, свитки и документы
Короткий лук, учебного образца;;"Компактный лук; затуплен или ослаблен для тренировки.";6900;;Оружие
Коготь огра;;"[МАГИЧЕСКИЙ КОМПОНЕНТ] Коготь огра; трофейный ритуальный материал.";7000;;Магические компоненты и реагенты
Плащ шерстяной, тёплая отделка;;Тёплый шерстяной плащ. Основной материал — хорошая шерсть.;7000;;Одежда и аксессуары
Ручной топор, военного образца;;"Компактный топор, пригодный для боя и быта; усиленная сборка и лучшее качество стали.";7000;;Оружие
Ряса, тёплая отделка;;Длинная свободная религиозная одежда. Основной материал — хорошая шерсть.;7000;;Одежда и аксессуары
Шлем открытый;;Металлический шлем с открытым лицом.;7000;;Доспехи и защита
Мех дорогой, низкий сорт;;Качественный редкий мех. Низкое качество.;7100;;Ремесленные материалы
Булава, походного образца;;"Одноручное дробящее оружие; простой, надёжный и ремонтопригодный.";7150;;Оружие
Костюм дорожный, повседневная отделка;;Удобный комплект для пути. Основной материал — хлопковая ткань.;7150;;Одежда и аксессуары
Песочные часы, походное исполнение;;Часы на один стандартный интервал. Усилен для дороги.;7150;;Снаряжение и инструменты
Ятаган, учебного образца;;"Изогнутый одноручный клинок; затуплен или ослаблен для тренировки.";7150;;Оружие
Блок и таль;;Система роликов для подъёма груза.;7200;;Снаряжение и инструменты
Карта канализации, простая;;"Рабочая схема подземных коммуникаций; обычная версия.";7200;;Книги, свитки и документы
Кирка шахтёрская, профессиональное исполнение;;Тяжёлая кирка. Рассчитан на постоянную работу.;7200;;Снаряжение и инструменты
Крюк-кошка, мастерское исполнение;;Железный крюк для зацепа верёвки. Точное качественное исполнение.;7200;;Снаряжение и инструменты
Рыболовные снасти, мастерское исполнение;;Леска, крючки, поплавки и грузила. Точное качественное исполнение.;7200;;Снаряжение и инструменты
Справочник городских законов;;Сокращённый сборник действующих городских правил.;7200;;Книги, свитки и документы
Учебник риторики;;Практика публичной речи и спора.;7200;;Книги, свитки и документы
Боевой посох, церемониальное исполнение;;"Прочный шест для боя; богато украшен, но остаётся пригодным для боя.";7250;;Оружие
Шлем открытый, походное исполнение;;Металлический шлем с открытым лицом. Ремни и крепления рассчитаны на дорогу.;7350;;Доспехи и защита
Пика, учебного образца;;"Длинное колющее древковое оружие; затуплен или ослаблен для тренировки.";7400;;Оружие
Замок простой, мастерское исполнение;;Небольшой механический замок. Точное качественное исполнение.;7500;;Снаряжение и инструменты
Кошель с 75 серебряных монет;;"Кошель, содержащий ровно 75 серебряных монет; ценность равна содержимому.";7500;;Деньги и ценности
Медицинская сумка;;Профессиональное средство или оборудование для лекаря и алхимика.;7500;;Алхимия и медицина
Набор лекаря;;Базовые средства первой помощи.;7500;;Алхимия и медицина
Охотничий капкан, походное исполнение;;Механическая ловушка на зверя. Усилен для дороги.;7500;;Снаряжение и инструменты
Бочка большая, добротное исполнение;;Большая бочка для воды или товара. Качественные материалы.;7550;;Бытовые предметы
Родословная, заверенная;;"Официальная схема происхождения семьи; с печатями и регистрацией.";7550;;Книги, свитки и документы
Клык огра;;"[МАГИЧЕСКИЙ КОМПОНЕНТ] Клык огра; используется в специализированных ритуалах.";7700;;Магические компоненты и реагенты
Лёгкий молот, мастерской работы;;"Небольшой боевой молот; точная балансировка и качественная отделка.";7700;;Оружие
Замок хороший;;Качественный сложный замок.;7800;;Снаряжение и инструменты
Пепел тролля, мешочек;;"[МАГИЧЕСКИЙ КОМПОНЕНТ] Порошкообразный остаток существа; используется в специализированных ритуалах и алхимии.";7800;;Магические компоненты и реагенты
Перчатки тонкие, парадная отделка;;Мягкие городские перчатки. Основной материал — тяжёлый бархат.;7800;;Одежда и аксессуары
Сапоги дорожные, повседневная отделка;;Усиленные сапоги для долгой ходьбы. Основной материал — хлопковая ткань.;7800;;Одежда и аксессуары
Справочник травника;;Практические заметки по распознаванию обычных растений.;7800;;Книги, свитки и документы
Стол простой;;Небольшой деревянный стол.;7800;;Бытовые предметы
Блок и таль, походное исполнение;;Система роликов для подъёма груза. Усилен для дороги.;7900;;Снаряжение и инструменты
Платье простое, богатая отделка;;Повседневное платье. Основной материал — натуральный шёлк.;7900;;Одежда и аксессуары
Боевой молот, учебного образца;;"Тяжёлый одноручный молот; затуплен или ослаблен для тренировки.";8000;;Оружие
Глефа, учебного образца;;"Длинное древковое рубящее оружие; затуплен или ослаблен для тренировки.";8000;;Оружие
Кувалда, профессиональное исполнение;;Тяжёлый ударный инструмент. Рассчитан на постоянную работу.;8000;;Снаряжение и инструменты
Лупа, профессиональное исполнение;;Увеличительное стекло в оправе. Рассчитан на постоянную работу.;8000;;Снаряжение и инструменты
Наручники, профессиональное исполнение;;Пара стальных кандалов с замком. Рассчитан на постоянную работу.;8000;;Снаряжение и инструменты
Свиток заговора;"Содержит одно заранее записанное заклинание соответствующего уровня; после успешного применения запись исчезает.";"[МАГИЯ, расходуемое] Содержит одно заранее записанное заклинание соответствующего уровня; после успешного применения запись исчезает.";8000;;Книги, свитки и документы
Щит деревянный;;Простой щит из дерева с металлической окантовкой.;8000;;Доспехи и защита
Паспорт каравана, архивная;;"Подтверждает состав и маршрут торгового каравана; старая редкая копия, представляющая коллекционный интерес.";8300;;Книги, свитки и документы
Костюм дорожный, тёплая отделка;;Удобный комплект для пути. Основной материал — хорошая шерсть.;8350;;Одежда и аксессуары
Кинжал, мастерской работы;;"Короткий колюще-режущий клинок; точная балансировка и качественная отделка.";8400;;Оружие
Пояс с карманами, парадная отделка;;Пояс с несколькими подсумками. Основной материал — тяжёлый бархат.;8400;;Одежда и аксессуары
Спальный мешок, мастерское исполнение;;Тёплая подстилка и одеяло в свёртке. Точное качественное исполнение.;8400;;Снаряжение и инструменты
Щит деревянный, походное исполнение;;Простой щит из дерева с металлической окантовкой. Ремни и крепления рассчитаны на дорогу.;8400;;Доспехи и защита
Алмазная пыль, 1 г;;[МАГИЧЕСКИЙ КОМПОНЕНТ] Дроблёный алмаз для сильной защитной и восстановительной магии.;8500;;Магические компоненты и реагенты
Аптекарский набор в дорогу;;Профессиональное средство или оборудование для лекаря и алхимика.;8500;;Алхимия и медицина
Баклер;;Небольшой кулачный щит.;8500;;Доспехи и защита
Боевой клевец, учебного образца;;"Оружие для пробития защиты; затуплен или ослаблен для тренировки.";8500;;Оружие
Верёвка шёлковая, 15 м;;Лёгкая и прочная шёлковая верёвка.;8500;;Снаряжение и инструменты
Длинный меч, учебного образца;;"Универсальный прямой меч; затуплен или ослаблен для тренировки.";8500;;Оружие
Журнал шахты, заполненный;;Учёт выработок, находок и несчастных случаев.;8500;;Книги, свитки и документы
Золотая пыль, 10 г;;[МАГИЧЕСКИЙ КОМПОНЕНТ] Дорогой металлический порошок для ритуалов.;8500;;Магические компоненты и реагенты
Карманная механическая птица;;Небольшая заводная игрушка, хлопающая крыльями.;8500;;Редкости, диковинки и странные предметы
Набор каллиграфа;;Перо, кисти, чернила, нож и линейки.;8500;;Снаряжение и инструменты
Отмычки, набор;;Набор тонких инструментов для замков.;8500;;Снаряжение и инструменты
Серебро, 100 г;;Чистое серебро в слитке или зерне.;8500;;Ремесленные материалы
Серебряный слиток, 100 г;;Торговый слиток серебра по стоимости металла.;8500;;Деньги и ценности
Серьги серебряные;;Пара серебряных серёг.;8500;;Драгоценности и предметы роскоши
Серьги серебряные, простая работа;;Пара серебряных серёг. Без известного автора.;8500;;Драгоценности и предметы роскоши
Замок хороший, походное исполнение;;Качественный сложный замок. Усилен для дороги.;8600;;Снаряжение и инструменты
Метательное копьё, церемониальное исполнение;;"Лёгкое копьё для броска; богато украшен, но остаётся пригодным для боя.";8600;;Оружие
Короб дорожный, резная отделка;;Жёсткий короб для перевозки вещей. Ручная декоративная резьба.;8650;;Бытовые предметы
Шляпа широкополая, парадная отделка;;Шляпа от солнца и дождя. Основной материал — тяжёлый бархат.;8700;;Одежда и аксессуары
Наручи, военное исполнение;;Пара защитных наручей. Усиленные уязвимые места.;8800;;Доспехи и защита
Баклер, походное исполнение;;Небольшой кулачный щит. Ремни и крепления рассчитаны на дорогу.;8900;;Доспехи и защита
Карта горных перевалов;;Маршруты перевалов, источников и опасных участков.;9000;;Книги, свитки и документы
Поножи;;Пара защитных поножей.;9000;;Доспехи и защита
Стёганый доспех;;Лёгкая защита из нескольких слоёв ткани.;9000;;Доспехи и защита
Трезубец;;Трёхзубое древковое оружие.;9000;;Оружие
Фильтровальная установка;;Профессиональное средство или оборудование для лекаря и алхимика.;9000;;Алхимия и медицина
Яд охотничий;;Концентрированный токсин для стрел и ловушек.;9000;;Алхимия и медицина
Алебарда, учебного образца;;"Древковое оружие с рубящим и колющим наконечником; затуплен или ослаблен для тренировки.";9100;;Оружие
Компас, профессиональное исполнение;;Магнитный дорожный компас. Рассчитан на постоянную работу.;9100;;Снаряжение и инструменты
Боевой топор;;Универсальный одноручный топор.;9200;;Оружие
Булава, военного образца;;"Одноручное дробящее оружие; усиленная сборка и лучшее качество стали.";9200;;Оружие
Сапоги дорожные, тёплая отделка;;Усиленные сапоги для долгой ходьбы. Основной материал — хорошая шерсть.;9200;;Одежда и аксессуары
Верёвка шёлковая, 15 м, походное исполнение;;Лёгкая и прочная шёлковая верёвка. Усилен для дороги.;9350;;Снаряжение и инструменты
Отмычки, набор, походное исполнение;;Набор тонких инструментов для замков. Усилен для дороги.;9350;;Снаряжение и инструменты
Перчатки тонкие, богатая отделка;;Мягкие городские перчатки. Основной материал — натуральный шёлк.;9350;;Одежда и аксессуары
Набор скалолаза, простое исполнение;;Страховка, карабины, крючья и ремни. Простое исполнение.;9400;;Снаряжение и инструменты
Сундук простой, добротное исполнение;;Деревянный сундук с простым запором. Качественные материалы.;9400;;Бытовые предметы
Поножи, походное исполнение;;Пара защитных поножей. Ремни и крепления рассчитаны на дорогу.;9450;;Доспехи и защита
Стёганый доспех, походное исполнение;;Лёгкая защита из нескольких слоёв ткани. Ремни и крепления рассчитаны на дорогу.;9450;;Доспехи и защита
Шлем открытый, военное исполнение;;Металлический шлем с открытым лицом. Усиленные уязвимые места.;9450;;Доспехи и защита
Архивная опись поместья;;Перечень имущества старого поместья.;9500;;Книги, свитки и документы
Атлас дорожный;;Сборник карт основных дорог и поселений.;9500;;Книги, свитки и документы
Матрас перьевой;;Мягкий матрас с перьевой набивкой.;9500;;Бытовые предметы
Мех дорогой;;Качественный редкий мех.;9500;;Ремесленные материалы
Мундир простой;;Стандартный служебный мундир без знаков.;9500;;Одежда и аксессуары
Учебник навигации;;Практический учебник морской навигации.;9500;;Книги, свитки и документы
Ящик для хранения реагентов;;Профессиональное средство или оборудование для лекаря и алхимика.;9500;;Алхимия и медицина
Накидка с капюшоном, парадная отделка;;Простая накидка, скрывающая голову и плечи. Основной материал — тяжёлый бархат.;9600;;Одежда и аксессуары
Осколок кости тролля;;"[МАГИЧЕСКИЙ КОМПОНЕНТ] Твёрдый ритуальный материал существа; используется в специализированных ритуалах и алхимии.";9600;;Магические компоненты и реагенты
Рюкзак, мастерское исполнение;;Прочный походный рюкзак. Точное качественное исполнение.;9600;;Снаряжение и инструменты
Фонарь закрытый, мастерское исполнение;;Переносной защищённый фонарь. Точное качественное исполнение.;9600;;Снаряжение и инструменты
Боевой топор, походного образца;;"Универсальный одноручный топор; простой, надёжный и ремонтопригодный.";9650;;Оружие
Палатка на двоих;;Плотная походная палатка.;9800;;Снаряжение и инструменты
Лёгкий арбалет, учебного образца;;"Простой арбалет средней мощности; затуплен или ослаблен для тренировки.";9900;;Оружие
Патент на мастерскую, заверенная;;"Разрешение содержать мастерскую определённого типа; с печатями и регистрацией.";9900;;Книги, свитки и документы
Секира, учебного образца;;"Тяжёлый двуручный топор; затуплен или ослаблен для тренировки.";9900;;Оружие
Цепь, 3 м, профессиональное исполнение;;Тяжёлая железная цепь. Рассчитан на постоянную работу.;9900;;Снаряжение и инструменты
Золотая монета;;"Одна золотая монета; по канону равна 10 000 медных.";10000;;Деньги и ценности
Кошель с 10000 медных монет;;"Кошель, содержащий ровно 10000 медных монет; ценность равна содержимому.";10000;;Деньги и ценности
Торговый вексель на 1 зол.;;Документ на предъявителя, эквивалентный одной золотой монете при надёжном эмитенте.;10000;;Деньги и ценности
Копьё, мастерской работы;;"Древковое колющее оружие; точная балансировка и качественная отделка.";10100;;Оружие
Пояс с карманами, богатая отделка;;Пояс с несколькими подсумками. Основной материал — натуральный шёлк.;10100;;Одежда и аксессуары
Шёлковая ткань, 1 м, мастерская партия;;Тонкая дорогая ткань. Редко встречающееся качество и однородность.;10100;;Ремесленные материалы
Рапира, учебного образца;;"Тонкий фехтовальный клинок; затуплен или ослаблен для тренировки.";10200;;Оружие
Серебро, 100 г, ремесленная подготовка;;Чистое серебро в слитке или зерне. Подготовлен для мастерской.;10200;;Ремесленные материалы
Кольцо серебряное, тонкая работа;;Простое кольцо из серебра. Высокое качество обработки.;10400;;Драгоценности и предметы роскоши
Стёганый доспех, бронзовый;;Лёгкая защита из нескольких слоёв ткани. Использованы бронзовые детали.;10400;;Доспехи и защита
Шляпа широкополая, богатая отделка;;Шляпа от солнца и дождя. Основной материал — натуральный шёлк.;10400;;Одежда и аксессуары
Карта морская, мастерское исполнение;;Подробная навигационная карта побережья. Точное качественное исполнение.;10500;;Снаряжение и инструменты
Короткий меч;;Короткий военный клинок.;10500;;Оружие
Шлем закрытый, ополченческое исполнение;;Шлем с развитой защитой лица и шеи. Простая массовая работа.;10500;;Доспехи и защита
Кошки альпинистские, профессиональное исполнение;;Шипованные накладки для подъёма. Рассчитан на постоянную работу.;10600;;Снаряжение и инструменты
Лёгкий молот, церемониальное исполнение;;"Небольшой боевой молот; богато украшен, но остаётся пригодным для боя.";10600;;Оружие
Палатка на четверых, простое исполнение;;Большая походная палатка. Простое исполнение.;10700;;Снаряжение и инструменты
Палатка на двоих, походное исполнение;;Плотная походная палатка. Усилен для дороги.;10800;;Снаряжение и инструменты
Щит деревянный, военное исполнение;;Простой щит из дерева с металлической окантовкой. Усиленные уязвимые места.;10800;;Доспехи и защита
Мундир простой, повседневная отделка;;Стандартный служебный мундир без знаков. Основной материал — хлопковая ткань.;10900;;Одежда и аксессуары
Короткий меч, походного образца;;"Короткий военный клинок; простой, надёжный и ремонтопригодный.";11000;;Оружие
Фонарь направленный, профессиональное исполнение;;Фонарь с заслонкой и направленным светом. Рассчитан на постоянную работу.;11000;;Снаряжение и инструменты
Шкурный доспех, ополченческое исполнение;;Грубая защита из толстых шкур. Простая массовая работа.;11200;;Доспехи и защита
Кирка шахтёрская, мастерское исполнение;;Тяжёлая кирка. Точное качественное исполнение.;11400;;Снаряжение и инструменты
Мех дорогой, ремесленная подготовка;;Качественный редкий мех. Подготовлен для мастерской.;11400;;Ремесленные материалы
Плащ дорожный, парадная отделка;;Плотный плащ от ветра и дождя. Основной материал — тяжёлый бархат.;11400;;Одежда и аксессуары
Баклер, военное исполнение;;Небольшой кулачный щит. Усиленные уязвимые места.;11500;;Доспехи и защита
Набор маскировки;;Грим, накладки, клей и принадлежности для изменения внешности.;11500;;Снаряжение и инструменты
Накидка с капюшоном, богатая отделка;;Простая накидка, скрывающая голову и плечи. Основной материал — натуральный шёлк.;11500;;Одежда и аксессуары
Кинжал, церемониальное исполнение;;"Короткий колюще-режущий клинок; богато украшен, но остаётся пригодным для боя.";11600;;Оружие
Пепел виверны, мешочек;;"[МАГИЧЕСКИЙ КОМПОНЕНТ] Порошкообразный остаток существа; используется в специализированных ритуалах и алхимии.";11700;;Магические компоненты и реагенты
Архивная перепись населения;;Старая административная перепись района.;12000;;Книги, свитки и документы
Журнал капитана, заполненный;;Судовой журнал с маршрутами и происшествиями.;12000;;Книги, свитки и документы
Кровь тролля, флакон;;"[МАГИЧЕСКИЙ КОМПОНЕНТ] Биологический реагент существа; используется в специализированных ритуалах и алхимии.";12000;;Магические компоненты и реагенты
Лабораторный набор для дистилляции;;Профессиональное средство или оборудование для лекаря и алхимика.;12000;;Алхимия и медицина
Набор травника;;Нож, ступка, сушильные рамки и мешочки.;12000;;Снаряжение и инструменты
Противоядие от змеиных ядов;;Сыворотка против группы обычных змеиных ядов.;12000;;Алхимия и медицина
Рукопись о травах болот;;Заметки травника о болотной флоре.;12000;;Книги, свитки и документы
Справочник кузнеца;;Технологические заметки по обработке металла.;12000;;Книги, свитки и документы
Цеп;;Боевое оружие с ударной головкой на цепи.;12000;;Оружие
Цепочка серебряная;;Тонкая серебряная цепочка.;12000;;Драгоценности и предметы роскоши
Цепочка серебряная, простая работа;;Тонкая серебряная цепочка. Без известного автора.;12000;;Драгоценности и предметы роскоши
Часы с обратным ходом;;Механические часы, намеренно собранные так, чтобы стрелки шли назад.;12000;;Редкости, диковинки и странные предметы
Длинный лук, учебного образца;;"Мощный лук большого размера; затуплен или ослаблен для тренировки.";12100;;Оружие
Карта шахты, заверенная;;"Подробная схема выработок; с печатями и регистрацией.";12200;;Книги, свитки и документы
Поножи, военное исполнение;;Пара защитных поножей. Усиленные уязвимые места.;12200;;Доспехи и защита
Стёганый доспех, военное исполнение;;Лёгкая защита из нескольких слоёв ткани. Усиленные уязвимые места.;12200;;Доспехи и защита
Стёганый доспех, стальной;;Лёгкая защита из нескольких слоёв ткани. Использованы качественная сталь.;12200;;Доспехи и защита
Боевой топор, военного образца;;"Универсальный одноручный топор; усиленная сборка и лучшее качество стали.";12400;;Оружие
Песочные часы, профессиональное исполнение;;Часы на один стандартный интервал. Рассчитан на постоянную работу.;12400;;Снаряжение и инструменты
Бочка большая, резная отделка;;Большая бочка для воды или товара. Ручная декоративная резьба.;12500;;Бытовые предметы
Короткий лук;;Компактный лук.;12500;;Оружие
Ручной топор, мастерской работы;;"Компактный топор, пригодный для боя и быта; точная балансировка и качественная отделка.";12500;;Оружие
Кувалда, мастерское исполнение;;Тяжёлый ударный инструмент. Точное качественное исполнение.;12600;;Снаряжение и инструменты
Лупа, мастерское исполнение;;Увеличительное стекло в оправе. Точное качественное исполнение.;12600;;Снаряжение и инструменты
Наручники, мастерское исполнение;;Пара стальных кандалов с замком. Точное качественное исполнение.;12600;;Снаряжение и инструменты
Туфли кожаные, парадная отделка;;Городская кожаная обувь. Основной материал — тяжёлый бархат.;12600;;Одежда и аксессуары
Цеп, походного образца;;"Боевое оружие с ударной головкой на цепи; простой, надёжный и ремонтопригодный.";12600;;Оружие
Мундир простой, тёплая отделка;;Стандартный служебный мундир без знаков. Основной материал — хорошая шерсть.;12800;;Одежда и аксессуары
Охотничий капкан, профессиональное исполнение;;Механическая ловушка на зверя. Рассчитан на постоянную работу.;12900;;Снаряжение и инструменты
Карта канализации, заверенная;;"Рабочая схема подземных коммуникаций; с печатями и регистрацией.";13000;;Книги, свитки и документы
Ятаган;;Изогнутый одноручный клинок.;13000;;Оружие
Короткий лук, походного образца;;"Компактный лук; простой, надёжный и ремонтопригодный.";13100;;Оружие
Двуручный меч, учебного образца;;"Тяжёлый длинный клинок для двух рук; затуплен или ослаблен для тренировки.";13200;;Оружие
Серебро, 100 г, отборный сорт;;Чистое серебро в слитке или зерне. Высокое качество.;13200;;Ремесленные материалы
Родословная, архивная;;"Официальная схема происхождения семьи; старая редкая копия, представляющая коллекционный интерес.";13400;;Книги, свитки и документы
Кожаный доспех, ополченческое исполнение;;Лёгкая защита из выделанной кожи. Простая массовая работа.;13500;;Доспехи и защита
Пика;;Длинное колющее древковое оружие.;13500;;Оружие
Сапоги рабочие, парадная отделка;;Прочные кожаные сапоги. Основной материал — тяжёлый бархат.;13500;;Одежда и аксессуары
Шёлк, 1 кг, низкий сорт;;Дорогое натуральное волокно. Низкое качество.;13500;;Ремесленные материалы
Щит стальной, ополченческое исполнение;;Прочный металлический щит. Простая массовая работа.;13500;;Доспехи и защита
Наручи, мастерская подгонка;;Пара защитных наручей. Подогнан по владельцу и качественно собран.;13600;;Доспехи и защита
Серьги серебряные, тонкая работа;;Пара серебряных серёг. Высокое качество обработки.;13600;;Драгоценности и предметы роскоши
Ятаган, походного образца;;"Изогнутый одноручный клинок; простой, надёжный и ремонтопригодный.";13600;;Оружие
Блок и таль, профессиональное исполнение;;Система роликов для подъёма груза. Рассчитан на постоянную работу.;13700;;Снаряжение и инструменты
Плащ дорожный, богатая отделка;;Плотный плащ от ветра и дождя. Основной материал — натуральный шёлк.;13700;;Одежда и аксессуары
Желчь тролля, флакон;;"[МАГИЧЕСКИЙ КОМПОНЕНТ] Едкий органический реагент существа; используется в специализированных ритуалах и алхимии.";13800;;Магические компоненты и реагенты
Матрас перьевой, добротное исполнение;;Мягкий матрас с перьевой набивкой. Качественные материалы.;13800;;Бытовые предметы
Копьё, церемониальное исполнение;;"Древковое колющее оружие; богато украшен, но остаётся пригодным для боя.";13900;;Оружие
Учебник фортификации;;Основы строительства и штурма укреплений.;14000;;Книги, свитки и документы
Шлем закрытый;;Шлем с развитой защитой лица и шеи.;14000;;Доспехи и защита
Короткий меч, военного образца;;"Короткий военный клинок; усиленная сборка и лучшее качество стали.";14200;;Оружие
Пика, походного образца;;"Длинное колющее древковое оружие; простой, надёжный и ремонтопригодный.";14200;;Оружие
Пепел мантикоры, мешочек;;"[МАГИЧЕСКИЙ КОМПОНЕНТ] Порошкообразный остаток существа; используется в специализированных ритуалах и алхимии.";14300;;Магические компоненты и реагенты
Компас, мастерское исполнение;;Магнитный дорожный компас. Точное качественное исполнение.;14400;;Снаряжение и инструменты
Костюм простой, парадная отделка;;Комплект городской одежды. Основной материал — тяжёлый бархат.;14400;;Одежда и аксессуары
Осколок кости виверны;;"[МАГИЧЕСКИЙ КОМПОНЕНТ] Твёрдый ритуальный материал существа; используется в специализированных ритуалах и алхимии.";14400;;Магические компоненты и реагенты
Пепел ткани тролля;;[МАГИЧЕСКИЙ КОМПОНЕНТ] Обработанный органический остаток тролля.;14400;;Магические компоненты и реагенты
Боевой молот;;Тяжёлый одноручный молот.;14500;;Оружие
Глефа;;Длинное древковое рубящее оружие.;14500;;Оружие
Набор вора;;Отмычки, маленькие пилы, щупы и зеркальце.;14500;;Снаряжение и инструменты
Набор скалолаза;;Страховка, карабины, крючья и ремни.;14500;;Снаряжение и инструменты
Мех дорогой, отборный сорт;;Качественный редкий мех. Высокое качество.;14700;;Ремесленные материалы
Шлем закрытый, походное исполнение;;Шлем с развитой защитой лица и шеи. Ремни и крепления рассчитаны на дорогу.;14700;;Доспехи и защита
Шлем открытый, мастерская подгонка;;Металлический шлем с открытым лицом. Подогнан по владельцу и качественно собран.;14700;;Доспехи и защита
Замок хороший, профессиональное исполнение;;Качественный сложный замок. Рассчитан на постоянную работу.;14800;;Снаряжение и инструменты
Жемчужина ритуальная;;[МАГИЧЕСКИЙ КОМПОНЕНТ] Чистая жемчужина, подходящая для идентификационных и прорицательных чар.;15000;;Магические компоненты и реагенты
Карта старых катакомб;;"Схема известных ходов старых катакомб; часть проходов может быть утрачена.";15000;;Книги, свитки и документы
Кошель с 150 серебряных монет;;"Кошель, содержащий ровно 150 серебряных монет; ценность равна содержимому.";15000;;Деньги и ценности
Набор стекла для алхимика;;Профессиональное средство или оборудование для лекаря и алхимика.;15000;;Алхимия и медицина
Сборник гербов;;Иллюстрированный перечень известных гербов и знаков.;15000;;Книги, свитки и документы
Шкурный доспех;;Грубая защита из толстых шкур.;15000;;Доспехи и защита
Туфли кожаные, богатая отделка;;Городская кожаная обувь. Основной материал — натуральный шёлк.;15100;;Одежда и аксессуары
Боевой молот, походного образца;;"Тяжёлый одноручный молот; простой, надёжный и ремонтопригодный.";15200;;Оружие
Глефа, походного образца;;"Длинное древковое рубящее оружие; простой, надёжный и ремонтопригодный.";15200;;Оружие
Стёганый доспех, воронёный;;Лёгкая защита из нескольких слоёв ткани. Использованы тёмное защитное покрытие.;15300;;Доспехи и защита
Боевой клевец;;Оружие для пробития защиты.;15500;;Оружие
Длинный меч;;Универсальный прямой меч.;15500;;Оружие
Плащ шерстяной, парадная отделка;;Тёплый шерстяной плащ. Основной материал — тяжёлый бархат.;15600;;Одежда и аксессуары
Ряса, парадная отделка;;Длинная свободная религиозная одежда. Основной материал — тяжёлый бархат.;15600;;Одежда и аксессуары
Сундук простой, резная отделка;;Деревянный сундук с простым запором. Ручная декоративная резьба.;15600;;Бытовые предметы
Цепь, 3 м, мастерское исполнение;;Тяжёлая железная цепь. Точное качественное исполнение.;15600;;Снаряжение и инструменты
Шкурный доспех, походное исполнение;;Грубая защита из толстых шкур. Ремни и крепления рассчитаны на дорогу.;15800;;Доспехи и защита
Набор картографа;;Линейки, циркуль, чертёжные перья и измерители.;16000;;Снаряжение и инструменты
Набор скалолаза, походное исполнение;;Страховка, карабины, крючья и ремни. Усилен для дороги.;16000;;Снаряжение и инструменты
Справочник лекаря;;Практическое руководство по обычным болезням и травмам.;16000;;Книги, свитки и документы
Верёвка шёлковая, 15 м, профессиональное исполнение;;Лёгкая и прочная шёлковая верёвка. Рассчитан на постоянную работу.;16200;;Снаряжение и инструменты
Отмычки, набор, профессиональное исполнение;;Набор тонких инструментов для замков. Рассчитан на постоянную работу.;16200;;Снаряжение и инструменты
Сапоги рабочие, богатая отделка;;Прочные кожаные сапоги. Основной материал — натуральный шёлк.;16200;;Одежда и аксессуары
Цеп, военного образца;;"Боевое оружие с ударной головкой на цепи; усиленная сборка и лучшее качество стали.";16200;;Оружие
Боевой клевец, походного образца;;"Оружие для пробития защиты; простой, надёжный и ремонтопригодный.";16300;;Оружие
Булава, мастерской работы;;"Одноручное дробящее оружие; точная балансировка и качественная отделка.";16300;;Оружие
Длинный меч, походного образца;;"Универсальный прямой меч; простой, надёжный и ремонтопригодный.";16300;;Оружие
Алебарда;;Древковое оружие с рубящим и колющим наконечником.;16500;;Оружие
Набор кожевника;;Ножи, пробойники, иглы и формы.;16500;;Снаряжение и инструменты
Палатка на четверых;;Большая походная палатка.;16500;;Снаряжение и инструменты
Кошки альпинистские, мастерское исполнение;;Шипованные накладки для подъёма. Точное качественное исполнение.;16800;;Снаряжение и инструменты
Щит деревянный, мастерская подгонка;;Простой щит из дерева с металлической окантовкой. Подогнан по владельцу и качественно собран.;16800;;Доспехи и защита
Короткий лук, военного образца;;"Компактный лук; усиленная сборка и лучшее качество стали.";16900;;Оружие
Ручной топор, церемониальное исполнение;;"Компактный топор, пригодный для боя и быта; богато украшен, но остаётся пригодным для боя.";17200;;Оружие
Шкурный доспех, бронзовый;;Грубая защита из толстых шкур. Использованы бронзовые детали.;17200;;Доспехи и защита
Алебарда, походного образца;;"Древковое оружие с рубящим и колющим наконечником; простой, надёжный и ремонтопригодный.";17300;;Оружие
Костюм простой, богатая отделка;;Комплект городской одежды. Основной материал — натуральный шёлк.;17300;;Одежда и аксессуары
Фонарь направленный, мастерское исполнение;;Фонарь с заслонкой и направленным светом. Точное качественное исполнение.;17400;;Снаряжение и инструменты
Осколок кости мантикоры;;"[МАГИЧЕСКИЙ КОМПОНЕНТ] Твёрдый ритуальный материал существа; используется в специализированных ритуалах и алхимии.";17600;;Магические компоненты и реагенты
Патент на мастерскую, архивная;;"Разрешение содержать мастерскую определённого типа; старая редкая копия, представляющая коллекционный интерес.";17600;;Книги, свитки и документы
Ятаган, военного образца;;"Изогнутый одноручный клинок; усиленная сборка и лучшее качество стали.";17600;;Оружие
Баклер, мастерская подгонка;;Небольшой кулачный щит. Подогнан по владельцу и качественно собран.;17800;;Доспехи и защита
Алхимический огонь;;[АЛХИМИЯ] Липкая горючая смесь, продолжающая гореть после попадания.;18000;;Алхимия и медицина
Архивный торговый договор;;Старый международный договор, интересный коллекционерам и юристам.;18000;;Книги, свитки и документы
Бестиарий неполный;;Сборник сведений о распространённых чудовищах, часть записей сомнительна.;18000;;Книги, свитки и документы
Зелье лечения;Восстанавливает небольшое количество здоровья.;[МАГИЯ, расходуемое] Восстанавливает небольшое количество здоровья.;18000;;Зелья и расходуемая магия
Книга рукописная;;Переписанная вручную книга.;18000;;Книги, свитки и документы
Коготь тролля;;"[МАГИЧЕСКИЙ КОМПОНЕНТ] Коготь тролля; трофейный ритуальный материал.";18000;;Магические компоненты и реагенты
Кожаный доспех;;Лёгкая защита из выделанной кожи.;18000;;Доспехи и защита
Костюм сценический;;Яркая одежда для выступлений.;18000;;Одежда и аксессуары
Кровать простая;;Деревянная кровать без дорогой отделки.;18000;;Бытовые предметы
Кровь виверны, флакон;;"[МАГИЧЕСКИЙ КОМПОНЕНТ] Биологический реагент существа; используется в специализированных ритуалах и алхимии.";18000;;Магические компоненты и реагенты
Кровь драконида, флакон;;"[МАГИЧЕСКИЙ КОМПОНЕНТ] Редкий биологический реагент; ценность зависит от происхождения и свежести.";18000;;Магические компоненты и реагенты
Лицензия на морскую торговлю;;Разрешение вести торговлю через государственные порты.;18000;;Книги, свитки и документы
Лёгкий арбалет;;Простой арбалет средней мощности.;18000;;Оружие
Набор каменщика;;Кельмы, молотки и измерительный инструмент.;18000;;Снаряжение и инструменты
Набор фальсификатора;;Чернила, печати-заготовки, перья и бумага для подделок.;18000;;Снаряжение и инструменты
Перегонный куб малый;;Профессиональное средство или оборудование для лекаря и алхимика.;18000;;Алхимия и медицина
Рукопись о древних дорогах;;Старая рукопись о забытых дорогах и переправах.;18000;;Книги, свитки и документы
Свиток заклинания 1 круга;"Содержит одно заранее записанное заклинание соответствующего уровня; после успешного применения запись исчезает.";"[МАГИЯ, расходуемое] Содержит одно заранее записанное заклинание соответствующего уровня; после успешного применения запись исчезает.";18000;;Книги, свитки и документы
Секира;;Тяжёлый двуручный топор.;18000;;Оружие
Стерилизатор инструментов;;Профессиональное средство или оборудование для лекаря и алхимика.;18000;;Алхимия и медицина
Учебник анатомии;;Иллюстрированное руководство по строению тела.;18000;;Книги, свитки и документы
Шёлк, 1 кг;;Дорогое натуральное волокно.;18000;;Ремесленные материалы
Щит стальной;;Прочный металлический щит.;18000;;Доспехи и защита
Кольцо серебряное, дворцовая работа;;Простое кольцо из серебра. Исключительное качество и дорогая отделка.;18200;;Драгоценности и предметы роскоши
Наручи, парадная отделка;;Пара защитных наручей. Богато украшен и полирован.;18200;;Доспехи и защита
Палатка на четверых, походное исполнение;;Большая походная палатка. Усилен для дороги.;18200;;Снаряжение и инструменты
Пика, военного образца;;"Длинное колющее древковое оружие; усиленная сборка и лучшее качество стали.";18200;;Оружие
Рапира;;Тонкий фехтовальный клинок.;18500;;Оружие
Костюм дорожный, парадная отделка;;Удобный комплект для пути. Основной материал — тяжёлый бархат.;18600;;Одежда и аксессуары
Палатка на двоих, профессиональное исполнение;;Плотная походная палатка. Рассчитан на постоянную работу.;18600;;Снаряжение и инструменты
Плащ шерстяной, богатая отделка;;Тёплый шерстяной плащ. Основной материал — натуральный шёлк.;18700;;Одежда и аксессуары
Ряса, богатая отделка;;Длинная свободная религиозная одежда. Основной материал — натуральный шёлк.;18700;;Одежда и аксессуары
Кожаный доспех, походное исполнение;;Лёгкая защита из выделанной кожи. Ремни и крепления рассчитаны на дорогу.;18900;;Доспехи и защита
Лёгкий арбалет, походного образца;;"Простой арбалет средней мощности; простой, надёжный и ремонтопригодный.";18900;;Оружие
Поножи, мастерская подгонка;;Пара защитных поножей. Подогнан по владельцу и качественно собран.;18900;;Доспехи и защита
Секира, походного образца;;"Тяжёлый двуручный топор; простой, надёжный и ремонтопригодный.";18900;;Оружие
Стёганый доспех, мастерская подгонка;;Лёгкая защита из нескольких слоёв ткани. Подогнан по владельцу и качественно собран.;18900;;Доспехи и защита
Шлем закрытый, военное исполнение;;Шлем с развитой защитой лица и шеи. Усиленные уязвимые места.;18900;;Доспехи и защита
Щит стальной, походное исполнение;;Прочный металлический щит. Ремни и крепления рассчитаны на дорогу.;18900;;Доспехи и защита
Набор плотника;;Пилы, стамески, рубанок и молотки.;19000;;Снаряжение и инструменты
Цепочка серебряная, тонкая работа;;Тонкая серебряная цепочка. Высокое качество обработки.;19200;;Драгоценности и предметы роскоши
Рапира, походного образца;;"Тонкий фехтовальный клинок; простой, надёжный и ремонтопригодный.";19400;;Оружие
Песочные часы, мастерское исполнение;;Часы на один стандартный интервал. Точное качественное исполнение.;19500;;Снаряжение и инструменты
Порошок железного желудка;Помогает переносить испорченную пищу и слабые токсины.;[МАГИЯ, расходуемое] Помогает переносить испорченную пищу и слабые токсины.;19500;;Зелья и расходуемая магия
Боевой молот, военного образца;;"Тяжёлый одноручный молот; усиленная сборка и лучшее качество стали.";19600;;Оружие
Глефа, военного образца;;"Длинное древковое рубящее оружие; усиленная сборка и лучшее качество стали.";19600;;Оружие
Шлем открытый, парадная отделка;;Металлический шлем с открытым лицом. Богато украшен и полирован.;19600;;Доспехи и защита
Клык тролля;;"[МАГИЧЕСКИЙ КОМПОНЕНТ] Клык тролля; используется в специализированных ритуалах.";19800;;Магические компоненты и реагенты
2 золотые монеты;;Две золотые монеты.;20000;;Деньги и ценности
Запечатанный кошель на 2 золотых;;Опечатанный кошель с двумя золотыми монетами.;20000;;Деньги и ценности
Шкурный доспех, военное исполнение;;Грубая защита из толстых шкур. Усиленные уязвимые места.;20200;;Доспехи и защита
Шкурный доспех, стальной;;Грубая защита из толстых шкур. Использованы качественная сталь.;20200;;Доспехи и защита
Охотничий капкан, мастерское исполнение;;Механическая ловушка на зверя. Точное качественное исполнение.;20400;;Снаряжение и инструменты
Сапоги дорожные, парадная отделка;;Усиленные сапоги для долгой ходьбы. Основной материал — тяжёлый бархат.;20400;;Одежда и аксессуары
Серебро, 100 г, мастерская партия;;Чистое серебро в слитке или зерне. Редко встречающееся качество и однородность.;20400;;Ремесленные материалы
Желчь виверны, флакон;;"[МАГИЧЕСКИЙ КОМПОНЕНТ] Едкий органический реагент существа; используется в специализированных ритуалах и алхимии.";20700;;Магические компоненты и реагенты
Кожаный доспех, бронзовый;;Лёгкая защита из выделанной кожи. Использованы бронзовые детали.;20700;;Доспехи и защита
Костюм сценический, повседневная отделка;;Яркая одежда для выступлений. Основной материал — хлопковая ткань.;20700;;Одежда и аксессуары
Настой железного желудка;Помогает переносить испорченную пищу и слабые токсины.;[МАГИЯ, расходуемое] Помогает переносить испорченную пищу и слабые токсины.;20800;;Зелья и расходуемая магия
Боевой клевец, военного образца;;"Оружие для пробития защиты; усиленная сборка и лучшее качество стали.";20900;;Оружие
Длинный меч, военного образца;;"Универсальный прямой меч; усиленная сборка и лучшее качество стали.";20900;;Оружие
Порошок лёгкого шага;На час облегчает движение по сыпучей и неровной земле.;[МАГИЯ, расходуемое] На час облегчает движение по сыпучей и неровной земле.;21000;;Зелья и расходуемая магия
Блок и таль, мастерское исполнение;;Система роликов для подъёма груза. Точное качественное исполнение.;21600;;Снаряжение и инструменты
Шёлк, 1 кг, ремесленная подготовка;;Дорогое натуральное волокно. Подготовлен для мастерской.;21600;;Ремесленные материалы
Карта шахты, архивная;;"Подробная схема выработок; старая редкая копия, представляющая коллекционный интерес.";21800;;Книги, свитки и документы
Длинный лук;;Мощный лук большого размера.;22000;;Оружие
Зелье лазания;На время облегчает лазание и цепкость.;[МАГИЯ, расходуемое] На время облегчает лазание и цепкость.;22000;;Зелья и расходуемая магия
Карта звёзд чужого неба;;Подробная карта созвездий, не совпадающих с небом Этара.;22000;;Редкости, диковинки и странные предметы
Книга долгов ростовщика;;"Реестр долгов; ценность зависит от актуальности записей.";22000;;Книги, свитки и документы
Кровь мантикоры, флакон;;"[МАГИЧЕСКИЙ КОМПОНЕНТ] Биологический реагент существа; используется в специализированных ритуалах и алхимии.";22000;;Магические компоненты и реагенты
Морской атлас;;Набор подробных карт побережья и опасных вод.;22000;;Книги, свитки и документы
Оникс ритуальный;;[МАГИЧЕСКИЙ КОМПОНЕНТ] Тёмный камень, часто используемый в некромантии и погребальных чарах.;22000;;Магические компоненты и реагенты
Походный хирургический набор;;Профессиональное средство или оборудование для лекаря и алхимика.;22000;;Алхимия и медицина
Сборник судебных прецедентов;;Подборка известных решений судов.;22000;;Книги, свитки и документы
Шкаф простой;;Деревянный шкаф.;22000;;Бытовые предметы
Боевой топор, мастерской работы;;"Универсальный одноручный топор; точная балансировка и качественная отделка.";22100;;Оружие
Алебарда, военного образца;;"Древковое оружие с рубящим и колющим наконечником; усиленная сборка и лучшее качество стали.";22300;;Оружие
Костюм дорожный, богатая отделка;;Удобный комплект для пути. Основной материал — натуральный шёлк.;22300;;Одежда и аксессуары
Булава, церемониальное исполнение;;"Одноручное дробящее оружие; богато украшен, но остаётся пригодным для боя.";22400;;Оружие
Настой лёгкого шага;На час облегчает движение по сыпучей и неровной земле.;[МАГИЯ, расходуемое] На час облегчает движение по сыпучей и неровной земле.;22400;;Зелья и расходуемая магия
Пепел ткани виверны;;[МАГИЧЕСКИЙ КОМПОНЕНТ] Обработанный органический остаток виверны.;22400;;Магические компоненты и реагенты
Щит деревянный, парадная отделка;;Простой щит из дерева с металлической окантовкой. Богато украшен и полирован.;22400;;Доспехи и защита
Порошок тихого голоса;Позволяет шептать так, чтобы голос был слышен выбранному соседу.;[МАГИЯ, расходуемое] Позволяет шептать так, чтобы голос был слышен выбранному соседу.;22500;;Зелья и расходуемая магия
Кольцо серебряное, антикварный экземпляр;;Простое кольцо из серебра. Возраст и происхождение повышают коллекционную ценность.;22800;;Драгоценности и предметы роскоши
Матрас перьевой, резная отделка;;Мягкий матрас с перьевой набивкой. Ручная декоративная резьба.;22800;;Бытовые предметы
Мех дорогой, мастерская партия;;Качественный редкий мех. Редко встречающееся качество и однородность.;22800;;Ремесленные материалы
Карта канализации, архивная;;"Рабочая схема подземных коммуникаций; старая редкая копия, представляющая коллекционный интерес.";23000;;Книги, свитки и документы
Бальзам железного желудка;Помогает переносить испорченную пищу и слабые токсины.;[МАГИЯ, расходуемое] Помогает переносить испорченную пищу и слабые токсины.;23400;;Зелья и расходуемая магия
Замок хороший, мастерское исполнение;;Качественный сложный замок. Точное качественное исполнение.;23400;;Снаряжение и инструменты
Баклер, парадная отделка;;Небольшой кулачный щит. Богато украшен и полирован.;23800;;Доспехи и защита
Серьги серебряные, дворцовая работа;;Пара серебряных серёг. Исключительное качество и дорогая отделка.;23800;;Драгоценности и предметы роскоши
Двуручный меч;;Тяжёлый длинный клинок для двух рук.;24000;;Оружие
Клёпаный кожаный доспех, ополченческое исполнение;;Кожа, усиленная заклёпками и накладками. Простая массовая работа.;24000;;Доспехи и защита
Настой тихого голоса;Позволяет шептать так, чтобы голос был слышен выбранному соседу.;[МАГИЯ, расходуемое] Позволяет шептать так, чтобы голос был слышен выбранному соседу.;24000;;Зелья и расходуемая магия
Порошок теплокровия;На несколько часов защищает от бытового холода.;[МАГИЯ, расходуемое] На несколько часов защищает от бытового холода.;24000;;Зелья и расходуемая магия
Рукопись о чудовищах севера;;Полевые записи путешественника о северных чудовищах.;24000;;Книги, свитки и документы
Кожаный доспех, военное исполнение;;Лёгкая защита из выделанной кожи. Усиленные уязвимые места.;24300;;Доспехи и защита
Кожаный доспех, стальной;;Лёгкая защита из выделанной кожи. Использованы качественная сталь.;24300;;Доспехи и защита
Костюм сценический, тёплая отделка;;Яркая одежда для выступлений. Основной материал — хорошая шерсть.;24300;;Одежда и аксессуары
Лёгкий арбалет, военного образца;;"Простой арбалет средней мощности; усиленная сборка и лучшее качество стали.";24300;;Оружие
Секира, военного образца;;"Тяжёлый двуручный топор; усиленная сборка и лучшее качество стали.";24300;;Оружие
Щит стальной, военное исполнение;;Прочный металлический щит. Усиленные уязвимые места.;24300;;Доспехи и защита
Сапоги дорожные, богатая отделка;;Усиленные сапоги для долгой ходьбы. Основной материал — натуральный шёлк.;24500;;Одежда и аксессуары
Кошель с 250 серебряных монет;;"Кошель, содержащий ровно 250 серебряных монет; ценность равна содержимому.";25000;;Деньги и ценности
Рапира, военного образца;;"Тонкий фехтовальный клинок; усиленная сборка и лучшее качество стали.";25000;;Оружие
Бальзам лёгкого шага;На час облегчает движение по сыпучей и неровной земле.;[МАГИЯ, расходуемое] На час облегчает движение по сыпучей и неровной земле.;25200;;Зелья и расходуемая магия
Двуручный меч, походного образца;;"Тяжёлый длинный клинок для двух рук; простой, надёжный и ремонтопригодный.";25200;;Оружие
Короткий меч, мастерской работы;;"Короткий военный клинок; точная балансировка и качественная отделка.";25200;;Оружие
Поножи, парадная отделка;;Пара защитных поножей. Богато украшен и полирован.;25200;;Доспехи и защита
Стёганый доспех, парадная отделка;;Лёгкая защита из нескольких слоёв ткани. Богато украшен и полирован.;25200;;Доспехи и защита
Стёганый доспех, посеребрённый;;Лёгкая защита из нескольких слоёв ткани. Использованы серебряное покрытие на ключевых деталях.;25200;;Доспехи и защита
Желчь мантикоры, флакон;;"[МАГИЧЕСКИЙ КОМПОНЕНТ] Едкий органический реагент существа; используется в специализированных ритуалах и алхимии.";25300;;Магические компоненты и реагенты
Верёвка шёлковая, 15 м, мастерское исполнение;;Лёгкая и прочная шёлковая верёвка. Точное качественное исполнение.;25500;;Снаряжение и инструменты
Отмычки, набор, мастерское исполнение;;Набор тонких инструментов для замков. Точное качественное исполнение.;25500;;Снаряжение и инструменты
Шкурный доспех, воронёный;;Грубая защита из толстых шкур. Использованы тёмное защитное покрытие.;25500;;Доспехи и защита
Настой теплокровия;На несколько часов защищает от бытового холода.;[МАГИЯ, расходуемое] На несколько часов защищает от бытового холода.;25600;;Зелья и расходуемая магия
Ручной арбалет;;Компактный механический арбалет.;26000;;Оружие
Эликсир железного желудка;Помогает переносить испорченную пищу и слабые токсины.;[МАГИЯ, расходуемое] Помогает переносить испорченную пищу и слабые токсины.;26000;;Зелья и расходуемая магия
Порошок ясного зрения;На час улучшает зрение при слабом освещении.;[МАГИЯ, расходуемое] На час улучшает зрение при слабом освещении.;26200;;Зелья и расходуемая магия
Бальзам тихого голоса;Позволяет шептать так, чтобы голос был слышен выбранному соседу.;[МАГИЯ, расходуемое] Позволяет шептать так, чтобы голос был слышен выбранному соседу.;27000;;Зелья и расходуемая магия
Пепел ткани мантикоры;;[МАГИЧЕСКИЙ КОМПОНЕНТ] Обработанный органический остаток мантикоры.;27200;;Магические компоненты и реагенты
Набор скалолаза, профессиональное исполнение;;Страховка, карабины, крючья и ремни. Рассчитан на постоянную работу.;27600;;Снаряжение и инструменты
Шёлк, 1 кг, отборный сорт;;Дорогое натуральное волокно. Высокое качество.;27900;;Ремесленные материалы
Аптечный шкафчик;;Профессиональное средство или оборудование для лекаря и алхимика.;28000;;Алхимия и медицина
Архивное письмо дипломата;;Подлинное старое письмо, ценное историческим контекстом.;28000;;Книги, свитки и документы
Коготь виверны;;"[МАГИЧЕСКИЙ КОМПОНЕНТ] Коготь виверны; трофейный ритуальный материал.";28000;;Магические компоненты и реагенты
Набор кузнеца;;Молотки, клещи, пробойники и другой ручной инструмент.;28000;;Снаряжение и инструменты
Набор хирурга;;Инструменты для сложных операций.;28000;;Алхимия и медицина
Настой ясного зрения;На час улучшает зрение при слабом освещении.;[МАГИЯ, расходуемое] На час улучшает зрение при слабом освещении.;28000;;Зелья и расходуемая магия
Рукопись о старых династиях;;Генеалогические заметки о нескольких старых родах.;28000;;Книги, свитки и документы
Эликсир лёгкого шага;На час облегчает движение по сыпучей и неровной земле.;[МАГИЯ, расходуемое] На час облегчает движение по сыпучей и неровной земле.;28000;;Зелья и расходуемая магия
Мундир простой, парадная отделка;;Стандартный служебный мундир без знаков. Основной материал — тяжёлый бархат.;28500;;Одежда и аксессуары
Порошок сна без снов;Обеспечивает глубокий спокойный сон при добровольном употреблении.;[МАГИЯ, расходуемое] Обеспечивает глубокий спокойный сон при добровольном употреблении.;28500;;Зелья и расходуемая магия
Масло железного желудка;Помогает переносить испорченную пищу и слабые токсины.;[МАГИЯ, расходуемое] Помогает переносить испорченную пищу и слабые токсины.;28600;;Зелья и расходуемая магия
Бальзам теплокровия;На несколько часов защищает от бытового холода.;[МАГИЯ, расходуемое] На несколько часов защищает от бытового холода.;28800;;Зелья и расходуемая магия
Цеп, мастерской работы;;"Боевое оружие с ударной головкой на цепи; точная балансировка и качественная отделка.";28800;;Оружие
Палатка на двоих, мастерское исполнение;;Плотная походная палатка. Точное качественное исполнение.;29400;;Снаряжение и инструменты
Шлем закрытый, мастерская подгонка;;Шлем с развитой защитой лица и шеи. Подогнан по владельцу и качественно собран.;29400;;Доспехи и защита
Серьги серебряные, антикварный экземпляр;;Пара серебряных серёг. Возраст и происхождение повышают коллекционную ценность.;29800;;Драгоценности и предметы роскоши
Короткий лук, мастерской работы;;"Компактный лук; точная балансировка и качественная отделка.";30000;;Оружие
Кошель с 3 золотых монет;;"Кошель, содержащий ровно 3 золотых монет; ценность равна содержимому.";30000;;Деньги и ценности
Эликсир тихого голоса;Позволяет шептать так, чтобы голос был слышен выбранному соседу.;[МАГИЯ, расходуемое] Позволяет шептать так, чтобы голос был слышен выбранному соседу.;30000;;Зелья и расходуемая магия
Боевой топор, церемониальное исполнение;;"Универсальный одноручный топор; богато украшен, но остаётся пригодным для боя.";30400;;Оружие
Настой сна без снов;Обеспечивает глубокий спокойный сон при добровольном употреблении.;[МАГИЯ, расходуемое] Обеспечивает глубокий спокойный сон при добровольном употреблении.;30400;;Зелья и расходуемая магия
Кожаный доспех, воронёный;;Лёгкая защита из выделанной кожи. Использованы тёмное защитное покрытие.;30600;;Доспехи и защита
Клык виверны;;"[МАГИЧЕСКИЙ КОМПОНЕНТ] Клык виверны; используется в специализированных ритуалах.";30800;;Магические компоненты и реагенты
Масло лёгкого шага;На час облегчает движение по сыпучей и неровной земле.;[МАГИЯ, расходуемое] На час облегчает движение по сыпучей и неровной земле.;30800;;Зелья и расходуемая магия
Дымовая капсула железного желудка;Помогает переносить испорченную пищу и слабые токсины.;[МАГИЯ, расходуемое] Помогает переносить испорченную пищу и слабые токсины.;31200;;Зелья и расходуемая магия
Пепел феи, мешочек;;"[МАГИЧЕСКИЙ КОМПОНЕНТ] Порошкообразный остаток существа; используется в специализированных ритуалах и алхимии.";31200;;Магические компоненты и реагенты
Ятаган, мастерской работы;;"Изогнутый одноручный клинок; точная балансировка и качественная отделка.";31200;;Оружие
Палатка на четверых, профессиональное исполнение;;Большая походная палатка. Рассчитан на постоянную работу.;31400;;Снаряжение и инструменты
Бальзам ясного зрения;На час улучшает зрение при слабом освещении.;[МАГИЯ, расходуемое] На час улучшает зрение при слабом освещении.;31500;;Зелья и расходуемая магия
Кольчужная рубаха, ополченческое исполнение;;Короткая кольчуга под одежду или поверх неё. Простая массовая работа.;31500;;Доспехи и защита
Порошок ночного слуха;На час обостряет слух.;[МАГИЯ, расходуемое] На час обостряет слух.;31500;;Зелья и расходуемая магия
Шкурный доспех, мастерская подгонка;;Грубая защита из толстых шкур. Подогнан по владельцу и качественно собран.;31500;;Доспехи и защита
Клёпаный кожаный доспех;;Кожа, усиленная заклёпками и накладками.;32000;;Доспехи и защита
Рукопись алхимика;;"Рабочие записи алхимика; ценность зависит от автора и полноты.";32000;;Книги, свитки и документы
Тяжёлый арбалет;;Мощный двуручный арбалет.;32000;;Оружие
Эликсир теплокровия;На несколько часов защищает от бытового холода.;[МАГИЯ, расходуемое] На несколько часов защищает от бытового холода.;32000;;Зелья и расходуемая магия
Двуручный меч, военного образца;;"Тяжёлый длинный клинок для двух рук; усиленная сборка и лучшее качество стали.";32400;;Оружие
Пика, мастерской работы;;"Длинное колющее древковое оружие; точная балансировка и качественная отделка.";32400;;Оружие
Масло тихого голоса;Позволяет шептать так, чтобы голос был слышен выбранному соседу.;[МАГИЯ, расходуемое] Позволяет шептать так, чтобы голос был слышен выбранному соседу.;33000;;Зелья и расходуемая магия
Дымовая капсула лёгкого шага;На час облегчает движение по сыпучей и неровной земле.;[МАГИЯ, расходуемое] На час облегчает движение по сыпучей и неровной земле.;33600;;Зелья и расходуемая магия
Клёпаный кожаный доспех, походное исполнение;;Кожа, усиленная заклёпками и накладками. Ремни и крепления рассчитаны на дорогу.;33600;;Доспехи и защита
Настой ночного слуха;На час обостряет слух.;[МАГИЯ, расходуемое] На час обостряет слух.;33600;;Зелья и расходуемая магия
Цепочка серебряная, дворцовая работа;;Тонкая серебряная цепочка. Исключительное качество и дорогая отделка.;33600;;Драгоценности и предметы роскоши
Порошок плавучести;На час заметно повышает плавучесть тела.;[МАГИЯ, расходуемое] На час заметно повышает плавучесть тела.;33800;;Зелья и расходуемая магия
Коготь мантикоры;;"[МАГИЧЕСКИЙ КОМПОНЕНТ] Коготь мантикоры; трофейный ритуальный материал.";34000;;Магические компоненты и реагенты
Бальзам сна без снов;Обеспечивает глубокий спокойный сон при добровольном употреблении.;[МАГИЯ, расходуемое] Обеспечивает глубокий спокойный сон при добровольном употреблении.;34200;;Зелья и расходуемая магия
Мундир простой, богатая отделка;;Стандартный служебный мундир без знаков. Основной материал — натуральный шёлк.;34200;;Одежда и аксессуары
Короткий меч, церемониальное исполнение;;"Короткий военный клинок; богато украшен, но остаётся пригодным для боя.";34600;;Оружие
Боевой молот, мастерской работы;;"Тяжёлый одноручный молот; точная балансировка и качественная отделка.";34800;;Оружие
Глефа, мастерской работы;;"Длинное древковое рубящее оружие; точная балансировка и качественная отделка.";34800;;Оружие
Перегонный куб большой;;Профессиональное средство или оборудование для лекаря и алхимика.;35000;;Алхимия и медицина
Эликсир ясного зрения;На час улучшает зрение при слабом освещении.;[МАГИЯ, расходуемое] На час улучшает зрение при слабом освещении.;35000;;Зелья и расходуемая магия
Масло теплокровия;На несколько часов защищает от бытового холода.;[МАГИЯ, расходуемое] На несколько часов защищает от бытового холода.;35200;;Зелья и расходуемая магия
Пепел элементаля, мешочек;;"[МАГИЧЕСКИЙ КОМПОНЕНТ] Порошкообразный остаток существа; используется в специализированных ритуалах и алхимии.";35800;;Магические компоненты и реагенты
Дымовая капсула тихого голоса;Позволяет шептать так, чтобы голос был слышен выбранному соседу.;[МАГИЯ, расходуемое] Позволяет шептать так, чтобы голос был слышен выбранному соседу.;36000;;Зелья и расходуемая магия
Кольчатый доспех, ополченческое исполнение;;Тяжёлая одежда с нашитыми металлическими кольцами. Простая массовая работа.;36000;;Доспехи и защита
Костюм парадный;;Богатый комплект для официальных случаев.;36000;;Одежда и аксессуары
Настой плавучести;На час заметно повышает плавучесть тела.;[МАГИЯ, расходуемое] На час заметно повышает плавучесть тела.;36000;;Зелья и расходуемая магия
Порошок кошачьего равновесия;На час помогает сохранять равновесие.;[МАГИЯ, расходуемое] На час помогает сохранять равновесие.;36000;;Зелья и расходуемая магия
Клёпаный кожаный доспех, бронзовый;;Кожа, усиленная заклёпками и накладками. Использованы бронзовые детали.;36800;;Доспехи и защита
Боевой клевец, мастерской работы;;"Оружие для пробития защиты; точная балансировка и качественная отделка.";37200;;Оружие
Длинный меч, мастерской работы;;"Универсальный прямой меч; точная балансировка и качественная отделка.";37200;;Оружие
Клык мантикоры;;"[МАГИЧЕСКИЙ КОМПОНЕНТ] Клык мантикоры; используется в специализированных ритуалах.";37400;;Магические компоненты и реагенты
Бальзам ночного слуха;На час обостряет слух.;[МАГИЯ, расходуемое] На час обостряет слух.;37800;;Зелья и расходуемая магия
Кожаный доспех, мастерская подгонка;;Лёгкая защита из выделанной кожи. Подогнан по владельцу и качественно собран.;37800;;Доспехи и защита
Щит стальной, мастерская подгонка;;Прочный металлический щит. Подогнан по владельцу и качественно собран.;37800;;Доспехи и защита
Духи дорогие, флакон;;Сложный стойкий аромат в красивом флаконе.;38000;;Драгоценности и предметы роскоши
Мундир офицерский;;Качественный мундир с отделкой.;38000;;Одежда и аксессуары
Порошок мгновенного костра;При активации быстро разжигает небольшой костёр на сухом топливе.;[МАГИЯ, расходуемое] При активации быстро разжигает небольшой костёр на сухом топливе.;38000;;Зелья и расходуемая магия
Эликсир сна без снов;Обеспечивает глубокий спокойный сон при добровольном употреблении.;[МАГИЯ, расходуемое] Обеспечивает глубокий спокойный сон при добровольном употреблении.;38000;;Зелья и расходуемая магия
Дымовая капсула теплокровия;На несколько часов защищает от бытового холода.;[МАГИЯ, расходуемое] На несколько часов защищает от бытового холода.;38400;;Зелья и расходуемая магия
Настой кошачьего равновесия;На час помогает сохранять равновесие.;[МАГИЯ, расходуемое] На час помогает сохранять равновесие.;38400;;Зелья и расходуемая магия
Осколок кости феи;;"[МАГИЧЕСКИЙ КОМПОНЕНТ] Твёрдый ритуальный материал существа; используется в специализированных ритуалах и алхимии.";38400;;Магические компоненты и реагенты
Масло ясного зрения;На час улучшает зрение при слабом освещении.;[МАГИЯ, расходуемое] На час улучшает зрение при слабом освещении.;38500;;Зелья и расходуемая магия
Подзорная труба, простое исполнение;;Оптическая труба для наблюдения вдаль. Простое исполнение.;39000;;Снаряжение и инструменты
Порошок памяти запахов;На несколько часов позволяет безошибочно запоминать и различать запахи.;[МАГИЯ, расходуемое] На несколько часов позволяет безошибочно запоминать и различать запахи.;39000;;Зелья и расходуемая магия
Чешуйчатый доспех, ополченческое исполнение;;Набор металлических чешуек на основе. Простая массовая работа.;39000;;Доспехи и защита
Шлем закрытый, парадная отделка;;Шлем с развитой защитой лица и шеи. Богато украшен и полирован.;39200;;Доспехи и защита
Алебарда, мастерской работы;;"Древковое оружие с рубящим и колющим наконечником; точная балансировка и качественная отделка.";39600;;Оружие
Цеп, церемониальное исполнение;;"Боевое оружие с ударной головкой на цепи; богато украшен, но остаётся пригодным для боя.";39600;;Оружие
Кошель с 400 серебряных монет;;"Кошель, содержащий ровно 400 серебряных монет; ценность равна содержимому.";40000;;Деньги и ценности
Бальзам плавучести;На час заметно повышает плавучесть тела.;[МАГИЯ, расходуемое] На час заметно повышает плавучесть тела.;40500;;Зелья и расходуемая магия
Короткий лук, церемониальное исполнение;;"Компактный лук; богато украшен, но остаётся пригодным для боя.";41200;;Оружие
Костюм парадный, повседневная отделка;;Богатый комплект для официальных случаев. Основной материал — хлопковая ткань.;41400;;Одежда и аксессуары
Настой памяти запахов;На несколько часов позволяет безошибочно запоминать и различать запахи.;[МАГИЯ, расходуемое] На несколько часов позволяет безошибочно запоминать и различать запахи.;41600;;Зелья и расходуемая магия
Масло сна без снов;Обеспечивает глубокий спокойный сон при добровольном употреблении.;[МАГИЯ, расходуемое] Обеспечивает глубокий спокойный сон при добровольном употреблении.;41800;;Зелья и расходуемая магия
Дымовая капсула ясного зрения;На час улучшает зрение при слабом освещении.;[МАГИЯ, расходуемое] На час улучшает зрение при слабом освещении.;42000;;Зелья и расходуемая магия
Книга заклинаний пустая;;Прочная специализированная книга для записи волшебных формул.;42000;;Книги, свитки и документы
Кольцо золотое;;Золотое кольцо без камня.;42000;;Драгоценности и предметы роскоши
Кольцо золотое, простая работа;;Золотое кольцо без камня. Без известного автора.;42000;;Драгоценности и предметы роскоши
Кольчужная рубаха;;Короткая кольчуга под одежду или поверх неё.;42000;;Доспехи и защита
Набор ювелира;;Точный инструмент, лупы, щипцы и малые тиски.;42000;;Снаряжение и инструменты
Платье вечернее;;Дорогая городская одежда для приёмов.;42000;;Одежда и аксессуары
Пыль фей, щепоть;;[МАГИЧЕСКИЙ КОМПОНЕНТ] Слабосветящийся порошок с фейским магическим фоном.;42000;;Магические компоненты и реагенты
Цепочка серебряная, антикварный экземпляр;;Тонкая серебряная цепочка. Возраст и происхождение повышают коллекционную ценность.;42000;;Драгоценности и предметы роскоши
Шкурный доспех, парадная отделка;;Грубая защита из толстых шкур. Богато украшен и полирован.;42000;;Доспехи и защита
Шкурный доспех, посеребрённый;;Грубая защита из толстых шкур. Использованы серебряное покрытие на ключевых деталях.;42000;;Доспехи и защита
Эликсир ночного слуха;На час обостряет слух.;[МАГИЯ, расходуемое] На час обостряет слух.;42000;;Зелья и расходуемая магия
Эликсир ясной головы;На час подавляет лёгкую сонливость и затуманенность сознания.;[МАГИЯ, расходуемое] На час подавляет лёгкую сонливость и затуманенность сознания.;42000;;Зелья и расходуемая магия
Ятаган, церемониальное исполнение;;"Изогнутый одноручный клинок; богато украшен, но остаётся пригодным для боя.";42900;;Оружие
Бальзам кошачьего равновесия;На час помогает сохранять равновесие.;[МАГИЯ, расходуемое] На час помогает сохранять равновесие.;43200;;Зелья и расходуемая магия
Клёпаный кожаный доспех, военное исполнение;;Кожа, усиленная заклёпками и накладками. Усиленные уязвимые места.;43200;;Доспехи и защита
Клёпаный кожаный доспех, стальной;;Кожа, усиленная заклёпками и накладками. Использованы качественная сталь.;43200;;Доспехи и защита
Лёгкий арбалет, мастерской работы;;"Простой арбалет средней мощности; точная балансировка и качественная отделка.";43200;;Оружие
Секира, мастерской работы;;"Тяжёлый двуручный топор; точная балансировка и качественная отделка.";43200;;Оружие
Шёлк, 1 кг, мастерская партия;;Дорогое натуральное волокно. Редко встречающееся качество и однородность.;43200;;Ремесленные материалы
Набор скалолаза, мастерское исполнение;;Страховка, карабины, крючья и ремни. Точное качественное исполнение.;43500;;Снаряжение и инструменты
Мундир офицерский, повседневная отделка;;Качественный мундир с отделкой. Основной материал — хлопковая ткань.;43700;;Одежда и аксессуары
Осколок кости элементаля;;"[МАГИЧЕСКИЙ КОМПОНЕНТ] Твёрдый ритуальный материал существа; используется в специализированных ритуалах и алхимии.";44000;;Магические компоненты и реагенты
Кольчужная рубаха, походное исполнение;;Короткая кольчуга под одежду или поверх неё. Ремни и крепления рассчитаны на дорогу.;44100;;Доспехи и защита
Рапира, мастерской работы;;"Тонкий фехтовальный клинок; точная балансировка и качественная отделка.";44400;;Оружие
Пика, церемониальное исполнение;;"Длинное колющее древковое оружие; богато украшен, но остаётся пригодным для боя.";44600;;Оружие
Алмаз ритуальный малый;;[МАГИЧЕСКИЙ КОМПОНЕНТ] Чистый камень, годный для заклинаний с дорогой материальной ценой.;45000;;Магические компоненты и реагенты
Архивный план крепости;;Старинный план оборонительных сооружений.;45000;;Книги, свитки и документы
Карта сокровищ подтверждённая;;Проверенная карта к реально существующему тайнику, но без гарантии сохранности добычи.;45000;;Книги, свитки и документы
Окаменевшее яйцо;;Крупное ископаемое яйцо неизвестного существа.;45000;;Редкости, диковинки и странные предметы
Эликсир плавучести;На час заметно повышает плавучесть тела.;[МАГИЯ, расходуемое] На час заметно повышает плавучесть тела.;45000;;Зелья и расходуемая магия
Дымовая капсула сна без снов;Обеспечивает глубокий спокойный сон при добровольном употреблении.;[МАГИЯ, расходуемое] Обеспечивает глубокий спокойный сон при добровольном употреблении.;45600;;Зелья и расходуемая магия
Эликсир лёгких ног;На час снижает утомление от ходьбы.;[МАГИЯ, расходуемое] На час снижает утомление от ходьбы.;46000;;Зелья и расходуемая магия
Масло ночного слуха;На час обостряет слух.;[МАГИЯ, расходуемое] На час обостряет слух.;46200;;Зелья и расходуемая магия
Бальзам памяти запахов;На несколько часов позволяет безошибочно запоминать и различать запахи.;[МАГИЯ, расходуемое] На несколько часов позволяет безошибочно запоминать и различать запахи.;46800;;Зелья и расходуемая магия
Боевой молот, церемониальное исполнение;;"Тяжёлый одноручный молот; богато украшен, но остаётся пригодным для боя.";47800;;Оружие
Глефа, церемониальное исполнение;;"Длинное древковое рубящее оружие; богато украшен, но остаётся пригодным для боя.";47800;;Оружие
Кольчатый доспех;;Тяжёлая одежда с нашитыми металлическими кольцами.;48000;;Доспехи и защита
Кровь феи, флакон;;"[МАГИЧЕСКИЙ КОМПОНЕНТ] Биологический реагент существа; используется в специализированных ритуалах и алхимии.";48000;;Магические компоненты и реагенты
Эликсир кошачьего равновесия;На час помогает сохранять равновесие.;[МАГИЯ, расходуемое] На час помогает сохранять равновесие.;48000;;Зелья и расходуемая магия
Платье вечернее, повседневная отделка;;Дорогая городская одежда для приёмов. Основной материал — хлопковая ткань.;48300;;Одежда и аксессуары
Костюм парадный, тёплая отделка;;Богатый комплект для официальных случаев. Основной материал — хорошая шерсть.;48600;;Одежда и аксессуары
Кольчуга, ополченческое исполнение;;Полноценная металлическая кольчужная защита. Простая массовая работа.;48800;;Доспехи и защита
Пепел призрака, мешочек;;"[МАГИЧЕСКИЙ КОМПОНЕНТ] Порошкообразный остаток существа; используется в специализированных ритуалах и алхимии.";48800;;Магические компоненты и реагенты
Порошок жаростойкости;Кратковременно ослабляет воздействие сильной жары.;[МАГИЯ, расходуемое] Кратковременно ослабляет воздействие сильной жары.;48800;;Зелья и расходуемая магия
Масло плавучести;На час заметно повышает плавучесть тела.;[МАГИЯ, расходуемое] На час заметно повышает плавучесть тела.;49500;;Зелья и расходуемая магия
Палатка на четверых, мастерское исполнение;;Большая походная палатка. Точное качественное исполнение.;49500;;Снаряжение и инструменты
5 золотых монет;;Пять золотых монет.;50000;;Деньги и ценности
Дымовая капсула ночного слуха;На час обостряет слух.;[МАГИЯ, расходуемое] На час обостряет слух.;50500;;Зелья и расходуемая магия
Кожаный доспех, парадная отделка;;Лёгкая защита из выделанной кожи. Богато украшен и полирован.;50500;;Доспехи и защита
Кожаный доспех, посеребрённый;;Лёгкая защита из выделанной кожи. Использованы серебряное покрытие на ключевых деталях.;50500;;Доспехи и защита
Кольчатый доспех, походное исполнение;;Тяжёлая одежда с нашитыми металлическими кольцами. Ремни и крепления рассчитаны на дорогу.;50500;;Доспехи и защита
Щит стальной, парадная отделка;;Прочный металлический щит. Богато украшен и полирован.;50500;;Доспехи и защита
Боевой клевец, церемониальное исполнение;;"Оружие для пробития защиты; богато украшен, но остаётся пригодным для боя.";51000;;Оружие
Длинный меч, церемониальное исполнение;;"Универсальный прямой меч; богато украшен, но остаётся пригодным для боя.";51000;;Оружие
Золото, 100 г, низкий сорт;;Чистое золото в слитке или зерне. Низкое качество.;51000;;Ремесленные материалы
Кираса, ополченческое исполнение;;Жёсткая защита груди и спины. Простая массовая работа.;51000;;Доспехи и защита
Мундир офицерский, тёплая отделка;;Качественный мундир с отделкой. Основной материал — хорошая шерсть.;51500;;Одежда и аксессуары
Настой жаростойкости;Кратковременно ослабляет воздействие сильной жары.;[МАГИЯ, расходуемое] Кратковременно ослабляет воздействие сильной жары.;52000;;Зелья и расходуемая магия
Свиток заклинания 2 круга;"Содержит одно заранее записанное заклинание соответствующего уровня; после успешного применения запись исчезает.";"[МАГИЯ, расходуемое] Содержит одно заранее записанное заклинание соответствующего уровня; после успешного применения запись исчезает.";52000;;Книги, свитки и документы
Чешуйчатый доспех;;Набор металлических чешуек на основе.;52000;;Доспехи и защита
Эликсир памяти запахов;На несколько часов позволяет безошибочно запоминать и различать запахи.;[МАГИЯ, расходуемое] На несколько часов позволяет безошибочно запоминать и различать запахи.;52000;;Зелья и расходуемая магия
Эликсир тёплой крови;На несколько часов помогает переносить сильный холод.;[МАГИЯ, расходуемое] На несколько часов помогает переносить сильный холод.;52000;;Зелья и расходуемая магия
Масло кошачьего равновесия;На час помогает сохранять равновесие.;[МАГИЯ, расходуемое] На час помогает сохранять равновесие.;53000;;Зелья и расходуемая магия
Дымовая капсула плавучести;На час заметно повышает плавучесть тела.;[МАГИЯ, расходуемое] На час заметно повышает плавучесть тела.;54000;;Зелья и расходуемая магия
Костюм сценический, парадная отделка;;Яркая одежда для выступлений. Основной материал — тяжёлый бархат.;54000;;Одежда и аксессуары
Алебарда, церемониальное исполнение;;"Древковое оружие с рубящим и колющим наконечником; богато украшен, но остаётся пригодным для боя.";54500;;Оружие
Клёпаный кожаный доспех, воронёный;;Кожа, усиленная заклёпками и накладками. Использованы тёмное защитное покрытие.;54500;;Доспехи и защита
Чешуйчатый доспех, походное исполнение;;Набор металлических чешуек на основе. Ремни и крепления рассчитаны на дорогу.;54500;;Доспехи и защита
Желчь феи, флакон;;"[МАГИЧЕСКИЙ КОМПОНЕНТ] Едкий органический реагент существа; используется в специализированных ритуалах и алхимии.";55000;;Магические компоненты и реагенты
Зелье дыхания под водой;На несколько часов позволяет дышать под водой.;[МАГИЯ, расходуемое] На несколько часов позволяет дышать под водой.;55000;;Зелья и расходуемая магия
Кровь элементаля, флакон;;"[МАГИЧЕСКИЙ КОМПОНЕНТ] Биологический реагент существа; используется в специализированных ритуалах и алхимии.";55000;;Магические компоненты и реагенты
Масло бесшумных петель;На сутки делает одну дверь, крышку или механизм практически бесшумными.;[МАГИЯ, расходуемое] На сутки делает одну дверь, крышку или механизм практически бесшумными.;55000;;Зелья и расходуемая магия
Набор алхимика;;Стекло, горелка, весы и базовая лабораторная оснастка.;55000;;Снаряжение и инструменты
Серьги золотые;;Пара золотых серёг.;55000;;Драгоценности и предметы роскоши
Серьги золотые, простая работа;;Пара золотых серёг. Без известного автора.;55000;;Драгоценности и предметы роскоши
Кольчужная рубаха, военное исполнение;;Короткая кольчуга под одежду или поверх неё. Усиленные уязвимые места.;56500;;Доспехи и защита
Платье вечернее, тёплая отделка;;Дорогая городская одежда для приёмов. Основной материал — хорошая шерсть.;56500;;Одежда и аксессуары
Масло памяти запахов;На несколько часов позволяет безошибочно запоминать и различать запахи.;[МАГИЯ, расходуемое] На несколько часов позволяет безошибочно запоминать и различать запахи.;57000;;Зелья и расходуемая магия
Двуручный меч, мастерской работы;;"Тяжёлый длинный клинок для двух рук; точная балансировка и качественная отделка.";57500;;Оружие
Дымовая капсула кошачьего равновесия;На час помогает сохранять равновесие.;[МАГИЯ, расходуемое] На час помогает сохранять равновесие.;57500;;Зелья и расходуемая магия
Пепел ткани феи;;[МАГИЧЕСКИЙ КОМПОНЕНТ] Обработанный органический остаток феи.;57500;;Магические компоненты и реагенты
Бальзам жаростойкости;Кратковременно ослабляет воздействие сильной жары.;[МАГИЯ, расходуемое] Кратковременно ослабляет воздействие сильной жары.;58500;;Зелья и расходуемая магия
Лёгкий арбалет, церемониальное исполнение;;"Простой арбалет средней мощности; богато украшен, но остаётся пригодным для боя.";59500;;Оружие
Секира, церемониальное исполнение;;"Тяжёлый двуручный топор; богато украшен, но остаётся пригодным для боя.";59500;;Оружие
Осколок кости призрака;;"[МАГИЧЕСКИЙ КОМПОНЕНТ] Твёрдый ритуальный материал существа; используется в специализированных ритуалах и алхимии.";60000;;Магические компоненты и реагенты
Подзорная труба;;Оптическая труба для наблюдения вдаль.;60000;;Снаряжение и инструменты
Рапира, церемониальное исполнение;;"Тонкий фехтовальный клинок; богато украшен, но остаётся пригодным для боя.";61000;;Оружие
Масло сухой брони;На сутки защищает один комплект доспехов от обычной влаги и коррозии.;[МАГИЯ, расходуемое] На сутки защищает один комплект доспехов от обычной влаги и коррозии.;62000;;Зелья и расходуемая магия
Очки ночи;Позволяют видеть в темноте подобно существам с тёмным зрением.;[МАГИЯ, необычный] Позволяют видеть в темноте подобно существам с тёмным зрением.;62000;Необычный;Магические предметы
Дымовая капсула памяти запахов;На несколько часов позволяет безошибочно запоминать и различать запахи.;[МАГИЯ, расходуемое] На несколько часов позволяет безошибочно запоминать и различать запахи.;62500;;Зелья и расходуемая магия
Желчь элементаля, флакон;;"[МАГИЧЕСКИЙ КОМПОНЕНТ] Едкий органический реагент существа; используется в специализированных ритуалах и алхимии.";63000;;Магические компоненты и реагенты
Зелье усиленного лечения;Восстанавливает заметно больше здоровья обычного.;[МАГИЯ, расходуемое] Восстанавливает заметно больше здоровья обычного.;65000;;Зелья и расходуемая магия
Кольчатый доспех, военное исполнение;;Тяжёлая одежда с нашитыми металлическими кольцами. Усиленные уязвимые места.;65000;;Доспехи и защита
Кольчуга;;Полноценная металлическая кольчужная защита.;65000;;Доспехи и защита
Костюм сценический, богатая отделка;;Яркая одежда для выступлений. Основной материал — натуральный шёлк.;65000;;Одежда и аксессуары
Перстень с гранатом;;Золотой или серебряный перстень с гранатом.;65000;;Драгоценности и предметы роскоши
Перстень с гранатом, простая работа;;Золотой или серебряный перстень с гранатом. Без известного автора.;65000;;Драгоценности и предметы роскоши
Порошок следа;На час делает свежие следы выбранного существа заметно ярче для наблюдателя.;[МАГИЯ, расходуемое] На час делает свежие следы выбранного существа заметно ярче для наблюдателя.;65000;;Зелья и расходуемая магия
Сапоги эльфийского шага;Шаги владельца становятся почти неслышными.;[МАГИЯ, необычный] Шаги владельца становятся почти неслышными.;65000;Необычный;Магические предметы
Серебряный волос ликантропа;;[МАГИЧЕСКИЙ КОМПОНЕНТ] Редкий образец для проклятий, исследования и ритуалов очищения.;65000;;Магические компоненты и реагенты
Эликсир жаростойкости;Кратковременно ослабляет воздействие сильной жары.;[МАГИЯ, расходуемое] Кратковременно ослабляет воздействие сильной жары.;65000;;Зелья и расходуемая магия
Подзорная труба, походное исполнение;;Оптическая труба для наблюдения вдаль. Усилен для дороги.;66000;;Снаряжение и инструменты
Клёпаный кожаный доспех, мастерская подгонка;;Кожа, усиленная заклёпками и накладками. Подогнан по владельцу и качественно собран.;67000;;Доспехи и защита
Кольцо золотое, тонкая работа;;Золотое кольцо без камня. Высокое качество обработки.;67000;;Драгоценности и предметы роскоши
Золото, 100 г;;Чистое золото в слитке или зерне.;68000;;Ремесленные материалы
Золотой слиток, 100 г;;Торговый слиток золота по стоимости металла.;68000;;Деньги и ценности
Кираса;;Жёсткая защита груди и спины.;68000;;Доспехи и защита
Кольчуга, походное исполнение;;Полноценная металлическая кольчужная защита. Ремни и крепления рассчитаны на дорогу.;68000;;Доспехи и защита
Пепел ткани элементаля воды;;[МАГИЧЕСКИЙ КОМПОНЕНТ] Обработанный органический остаток элементаля воды.;68000;;Магические компоненты и реагенты
Эликсир цепких пальцев;На короткое время усиливает хват и точность рук.;[МАГИЯ, расходуемое] На короткое время усиливает хват и точность рук.;68000;;Зелья и расходуемая магия
Кольцо малого света;Создаёт управляемое мягкое освещение.;[МАГИЯ] Создаёт управляемое мягкое освещение.;70000;;Магические предметы
Кошель с 7 золотых монет;;"Кошель, содержащий ровно 7 золотых монет; ценность равна содержимому.";70000;;Деньги и ценности
Чешуйчатый доспех, военное исполнение;;Набор металлических чешуек на основе. Усиленные уязвимые места.;70000;;Доспехи и защита
Кираса, походное исполнение;;Жёсткая защита груди и спины. Ремни и крепления рассчитаны на дорогу.;71500;;Доспехи и защита
Масло жаростойкости;Кратковременно ослабляет воздействие сильной жары.;[МАГИЯ, расходуемое] Кратковременно ослабляет воздействие сильной жары.;71500;;Зелья и расходуемая магия
Коготь феи;;"[МАГИЧЕСКИЙ КОМПОНЕНТ] Коготь феи; трофейный ритуальный материал.";72000;;Магические компоненты и реагенты
Порошок тихого шага;На несколько минут заметно приглушает шаги одного существа.;[МАГИЯ, расходуемое] На несколько минут заметно приглушает шаги одного существа.;72000;;Зелья и расходуемая магия
Сапфир ритуальный;;[МАГИЧЕСКИЙ КОМПОНЕНТ] Качественный сапфир для защитных и водных ритуалов.;72000;;Магические компоненты и реагенты
Шлем понимания языков;Помогает понимать смысл незнакомой речи и письменности.;[МАГИЯ, необычный] Помогает понимать смысл незнакомой речи и письменности.;72000;Необычный;Магические предметы
Амулет малого света;Создаёт управляемое мягкое освещение.;[МАГИЯ] Создаёт управляемое мягкое освещение.;73000;;Магические предметы
Наборный доспех, ополченческое исполнение;;Тяжёлый доспех из полос и пластин. Простая массовая работа.;73500;;Доспехи и защита
Кошель с 750 серебряных монет;;"Кошель, содержащий ровно 750 серебряных монет; ценность равна содержимому.";75000;;Деньги и ценности
Кровь призрака, флакон;;"[МАГИЧЕСКИЙ КОМПОНЕНТ] Биологический реагент существа; используется в специализированных ритуалах и алхимии.";75000;;Магические компоненты и реагенты
Плащ малого света;Создаёт управляемое мягкое освещение.;[МАГИЯ] Создаёт управляемое мягкое освещение.;75500;;Магические предметы
Дымовая капсула синего тумана;Создаёт плотное синее облако, мешающее обзору.;[МАГИЯ, расходуемое] Создаёт плотное синее облако, мешающее обзору.;76000;;Зелья и расходуемая магия
Пепел ткани элементаля огня;;[МАГИЧЕСКИЙ КОМПОНЕНТ] Обработанный органический остаток элементаля огня.;76000;;Магические компоненты и реагенты
Дымовая капсула жаростойкости;Кратковременно ослабляет воздействие сильной жары.;[МАГИЯ, расходуемое] Кратковременно ослабляет воздействие сильной жары.;78000;;Зелья и расходуемая магия
Перстень с аметистом;;Перстень с хорошим аметистом.;78000;;Драгоценности и предметы роскоши
Перстень с аметистом, простая работа;;Перстень с хорошим аметистом. Без известного автора.;78000;;Драгоценности и предметы роскоши
Перчатки плавания и лазания;Заметно облегчает плавание и карабканье.;"[МАГИЯ, необычный; настройка] Заметно облегчает плавание и карабканье.";78000;Необычный;Магические предметы
Цепочка золотая;;Золотая цепочка среднего веса.;78000;;Драгоценности и предметы роскоши
Цепочка золотая, простая работа;;Золотая цепочка среднего веса. Без известного автора.;78000;;Драгоценности и предметы роскоши
Сапоги малого света;Создаёт управляемое мягкое освещение.;[МАГИЯ] Создаёт управляемое мягкое освещение.;78500;;Магические предметы
Двуручный меч, церемониальное исполнение;;"Тяжёлый длинный клинок для двух рук; богато украшен, но остаётся пригодным для боя.";79000;;Оружие
Клык феи;;"[МАГИЧЕСКИЙ КОМПОНЕНТ] Клык феи; используется в специализированных ритуалах.";79000;;Магические компоненты и реагенты
Перчатки малого света;Создаёт управляемое мягкое освещение.;[МАГИЯ] Создаёт управляемое мягкое освещение.;81000;;Магические предметы
Золото, 100 г, ремесленная подготовка;;Чистое золото в слитке или зерне. Подготовлен для мастерской.;81500;;Ремесленные материалы
Порошок быстрого заживления;Ускоряет естественное заживление небольших ран в течение суток.;[МАГИЯ, расходуемое] Ускоряет естественное заживление небольших ран в течение суток.;82500;;Зелья и расходуемая магия
Брошь малого света;Создаёт управляемое мягкое освещение.;[МАГИЯ] Создаёт управляемое мягкое освещение.;84000;;Магические предметы
Коготь элементаля воды;;"[МАГИЧЕСКИЙ КОМПОНЕНТ] Коготь элементаля воды; трофейный ритуальный материал.";85000;;Магические компоненты и реагенты
Кольцо тёплого ветра;Поддерживает комфортное тепло вокруг владельца.;[МАГИЯ] Поддерживает комфортное тепло вокруг владельца.;85000;;Магические предметы
Раковина, шепчущая не море;Если приложить к уху, слышны тихие случайные шёпоты вместо шума моря.;[МАГИЯ, слабая] Если приложить к уху, слышны тихие случайные шёпоты вместо шума моря.;85000;;Редкости, диковинки и странные предметы
Рубин ритуальный;;[МАГИЧЕСКИЙ КОМПОНЕНТ] Качественный рубин для огненных и связывающих ритуалов.;85000;;Магические компоненты и реагенты
Серебряный слиток, 1 кг;;Крупный слиток серебра.;85000;;Деньги и ценности
Сумка хранения;"Внутри значительно больше пространства, чем снаружи; перегрузка или повреждение опасны.";"[МАГИЯ, необычный] Внутри значительно больше пространства, чем снаружи; перегрузка или повреждение опасны.";85000;Необычный;Магические предметы
Эликсир болотного дыхания;На час облегчает дыхание в дыму, тумане и болотных испарениях.;[МАГИЯ, расходуемое] На час облегчает дыхание в дыму, тумане и болотных испарениях.;85000;;Зелья и расходуемая магия
Желчь призрака, флакон;;"[МАГИЧЕСКИЙ КОМПОНЕНТ] Едкий органический реагент существа; используется в специализированных ритуалах и алхимии.";86000;;Магические компоненты и реагенты
Полулаты, ополченческое исполнение;;Набор латных деталей без полной герметичной защиты. Простая массовая работа.;86000;;Доспехи и защита
Кольчуга, военное исполнение;;Полноценная металлическая кольчужная защита. Усиленные уязвимые места.;88000;;Доспехи и защита
Кольчужная рубаха, мастерская подгонка;;Короткая кольчуга под одежду или поверх неё. Подогнан по владельцу и качественно собран.;88000;;Доспехи и защита
Масло быстрой заточки;На короткое время улучшает режущую кромку одного оружия.;[МАГИЯ, расходуемое] На короткое время улучшает режущую кромку одного оружия.;88000;;Зелья и расходуемая магия
Настой быстрого заживления;Ускоряет естественное заживление небольших ран в течение суток.;[МАГИЯ, расходуемое] Ускоряет естественное заживление небольших ран в течение суток.;88000;;Зелья и расходуемая магия
Серьги золотые, тонкая работа;;Пара золотых серёг. Высокое качество обработки.;88000;;Драгоценности и предметы роскоши
Амулет тёплого ветра;Поддерживает комфортное тепло вокруг владельца.;[МАГИЯ] Поддерживает комфортное тепло вокруг владельца.;88500;;Магические предметы
Клёпаный кожаный доспех, парадная отделка;;Кожа, усиленная заклёпками и накладками. Богато украшен и полирован.;89500;;Доспехи и защита
Клёпаный кожаный доспех, посеребрённый;;Кожа, усиленная заклёпками и накладками. Использованы серебряное покрытие на ключевых деталях.;89500;;Доспехи и защита
Дымовая капсула светящегося дыма;Облако дыма мягко светится и отмечает существ, прошедших через него.;[МАГИЯ, расходуемое] Облако дыма мягко светится и отмечает существ, прошедших через него.;90000;;Зелья и расходуемая магия
Кольцо холодной росы;Охлаждает небольшое количество жидкости или пищи.;[МАГИЯ] Охлаждает небольшое количество жидкости или пищи.;90000;;Магические предметы
Масло скольжения;Покрытая поверхность становится сверхъестественно скользкой, либо нанесённое на тело масло помогает выскальзывать из захватов.;[МАГИЯ, расходуемое] Покрытая поверхность становится сверхъестественно скользкой, либо нанесённое на тело масло помогает выскальзывать из захватов.;90000;;Зелья и расходуемая магия
Плащ эльфийского рода;Помогает сливаться с окружением и затрудняет обнаружение.;"[МАГИЯ, необычный; настройка] Помогает сливаться с окружением и затрудняет обнаружение.";90000;Необычный;Магические предметы
Шкатулка инкрустированная;;Шкатулка с перламутром и металлом.;90000;;Драгоценности и предметы роскоши
Пепел демона, мешочек;;"[МАГИЧЕСКИЙ КОМПОНЕНТ] Порошкообразный остаток существа; используется в специализированных ритуалах и алхимии.";91000;;Магические компоненты и реагенты
Кираса, военное исполнение;;Жёсткая защита груди и спины. Усиленные уязвимые места.;92000;;Доспехи и защита
Плащ тёплого ветра;Поддерживает комфортное тепло вокруг владельца.;[МАГИЯ] Поддерживает комфортное тепло вокруг владельца.;92000;;Магические предметы
Амулет холодной росы;Охлаждает небольшое количество жидкости или пищи.;[МАГИЯ] Охлаждает небольшое количество жидкости или пищи.;93500;;Магические предметы
Клык элементаля воды;;"[МАГИЧЕСКИЙ КОМПОНЕНТ] Клык элементаля воды; используется в специализированных ритуалах.";93500;;Магические компоненты и реагенты
Коготь элементаля огня;;"[МАГИЧЕСКИЙ КОМПОНЕНТ] Коготь элементаля огня; трофейный ритуальный материал.";95000;;Магические компоненты и реагенты
Кольцо тихого шага;Приглушает звук шагов владельца.;[МАГИЯ] Приглушает звук шагов владельца.;95000;;Магические предметы
Кубок серебряный;;Большой серебряный кубок.;95000;;Драгоценности и предметы роскоши
Кубок серебряный, простая работа;;Большой серебряный кубок. Без известного автора.;95000;;Драгоценности и предметы роскоши
Порошок яркой вспышки;При броске создаёт ослепительно яркую краткую вспышку.;[МАГИЯ, расходуемое] При броске создаёт ослепительно яркую краткую вспышку.;95000;;Зелья и расходуемая магия
Сапоги тёплого ветра;Поддерживает комфортное тепло вокруг владельца.;[МАГИЯ] Поддерживает комфортное тепло вокруг владельца.;95000;;Магические предметы
Свеча без тени;Горит обычным пламенем, но не отбрасывает тени.;[МАГИЯ, слабая] Горит обычным пламенем, но не отбрасывает тени.;95000;;Редкости, диковинки и странные предметы
Эфирная соль, щепоть;;[МАГИЧЕСКИЙ КОМПОНЕНТ] Кристаллы, оседающие в местах контакта с эфиром.;95000;;Магические компоненты и реагенты
Плащ холодной росы;Охлаждает небольшое количество жидкости или пищи.;[МАГИЯ] Охлаждает небольшое количество жидкости или пищи.;97000;;Магические предметы
Наборный доспех;;Тяжёлый доспех из полос и пластин.;98000;;Доспехи и защита
Перчатки тёплого ветра;Поддерживает комфортное тепло вокруг владельца.;[МАГИЯ] Поддерживает комфортное тепло вокруг владельца.;98500;;Магические предметы
Амулет тихого шага;Приглушает звук шагов владельца.;[МАГИЯ] Приглушает звук шагов владельца.;99000;;Магические предметы
Бальзам быстрого заживления;Ускоряет естественное заживление небольших ран в течение суток.;[МАГИЯ, расходуемое] Ускоряет естественное заживление небольших ран в течение суток.;99000;;Зелья и расходуемая магия
10 золотых монет;;Десять золотых монет.;100000;;Деньги и ценности
Торговый вексель на 10 зол.;;Документ на предъявителя на десять золотых.;100000;;Деньги и ценности
Кольчатый доспех, мастерская подгонка;;Тяжёлая одежда с нашитыми металлическими кольцами. Подогнан по владельцу и качественно собран.;101000;;Доспехи и защита
Сапоги холодной росы;Охлаждает небольшое количество жидкости или пищи.;[МАГИЯ] Охлаждает небольшое количество жидкости или пищи.;101000;;Магические предметы
Брошь тёплого ветра;Поддерживает комфортное тепло вокруг владельца.;[МАГИЯ] Поддерживает комфортное тепло вокруг владельца.;102000;;Магические предметы
Плащ тихого шага;Приглушает звук шагов владельца.;[МАГИЯ] Приглушает звук шагов владельца.;102500;;Магические предметы
Наборный доспех, походное исполнение;;Тяжёлый доспех из полос и пластин. Ремни и крепления рассчитаны на дорогу.;103000;;Доспехи и защита
Перстень с гранатом, тонкая работа;;Золотой или серебряный перстень с гранатом. Высокое качество обработки.;104000;;Драгоценности и предметы роскоши
Клык элементаля огня;;"[МАГИЧЕСКИЙ КОМПОНЕНТ] Клык элементаля огня; используется в специализированных ритуалах.";104500;;Магические компоненты и реагенты
Перчатки холодной росы;Охлаждает небольшое количество жидкости или пищи.;[МАГИЯ] Охлаждает небольшое количество жидкости или пищи.;104500;;Магические предметы
Золото, 100 г, отборный сорт;;Чистое золото в слитке или зерне. Высокое качество.;105500;;Ремесленные материалы
Сапоги тихого шага;Приглушает звук шагов владельца.;[МАГИЯ] Приглушает звук шагов владельца.;106500;;Магические предметы
Брошь холодной росы;Охлаждает небольшое количество жидкости или пищи.;[МАГИЯ] Охлаждает небольшое количество жидкости или пищи.;108000;;Магические предметы
Костюм парадный, парадная отделка;;Богатый комплект для официальных случаев. Основной материал — тяжёлый бархат.;108000;;Одежда и аксессуары
Чешуйчатый доспех, мастерская подгонка;;Набор металлических чешуек на основе. Подогнан по владельцу и качественно собран.;109000;;Доспехи и защита
Зелье уменьшения;На время уменьшает размер и массу выпившего.;[МАГИЯ, расходуемое] На время уменьшает размер и массу выпившего.;110000;;Зелья и расходуемая магия
Камни послания, пара;Пара камней позволяет передавать короткое сообщение друг другу на расстоянии.;[МАГИЯ, необычный] Пара камней позволяет передавать короткое сообщение друг другу на расстоянии.;110000;Необычный;Магические предметы
Кольцо верного севера;Всегда указывает на выбранный при настройке ориентир.;[МАГИЯ] Всегда указывает на выбранный при настройке ориентир.;110000;;Магические предметы
Перчатки тихого шага;Приглушает звук шагов владельца.;[МАГИЯ] Приглушает звук шагов владельца.;110000;;Магические предметы
Порошок ледяной корки;Однократно покрывает малую поверхность прочной ледяной коркой.;[МАГИЯ, расходуемое] Однократно покрывает малую поверхность прочной ледяной коркой.;110000;;Зелья и расходуемая магия
Эликсир быстрого заживления;Ускоряет естественное заживление небольших ран в течение суток.;[МАГИЯ, расходуемое] Ускоряет естественное заживление небольших ран в течение суток.;110000;;Зелья и расходуемая магия
Осколок кости демона;;"[МАГИЧЕСКИЙ КОМПОНЕНТ] Твёрдый ритуальный материал существа; используется в специализированных ритуалах и алхимии.";112000;;Магические компоненты и реагенты
Порошок серебряной кожи;На короткое время делает кожу неприятной для некоторых проклятых существ.;[МАГИЯ, расходуемое] На короткое время делает кожу неприятной для некоторых проклятых существ.;112500;;Зелья и расходуемая магия
Брошь тихого шага;Приглушает звук шагов владельца.;[МАГИЯ] Приглушает звук шагов владельца.;114000;;Магические предметы
Мундир офицерский, парадная отделка;;Качественный мундир с отделкой. Основной материал — тяжёлый бархат.;114000;;Одежда и аксессуары
Подзорная труба, профессиональное исполнение;;Оптическая труба для наблюдения вдаль. Рассчитан на постоянную работу.;114000;;Снаряжение и инструменты
Амулет верного севера;Всегда указывает на выбранный при настройке ориентир.;[МАГИЯ] Всегда указывает на выбранный при настройке ориентир.;114500;;Магические предметы
Полулаты;;Набор латных деталей без полной герметичной защиты.;115000;;Доспехи и защита
Кольцо золотое, дворцовая работа;;Золотое кольцо без камня. Исключительное качество и дорогая отделка.;117500;;Драгоценности и предметы роскоши
Кольчужная рубаха, парадная отделка;;Короткая кольчуга под одежду или поверх неё. Богато украшен и полирован.;117500;;Доспехи и защита
Пояс тихого шага;Приглушает звук шагов владельца.;[МАГИЯ] Приглушает звук шагов владельца.;118000;;Магические предметы
Плащ верного севера;Всегда указывает на выбранный при настройке ориентир.;[МАГИЯ] Всегда указывает на выбранный при настройке ориентир.;119000;;Магические предметы
Диадема серебряная;;Декоративная серебряная диадема.;120000;;Драгоценности и предметы роскоши
Диадема серебряная, простая работа;;Декоративная серебряная диадема. Без известного автора.;120000;;Драгоценности и предметы роскоши
Дымовая капсула отпугивания зверей;Запах и магия кратковременно отпугивают обычных животных.;[МАГИЯ, расходуемое] Запах и магия кратковременно отпугивают обычных животных.;120000;;Зелья и расходуемая магия
Зелье сопротивления огню;Временно уменьшает вред от огня.;[МАГИЯ, расходуемое] Временно уменьшает вред от огня.;120000;;Зелья и расходуемая магия
Зелье сопротивления холоду;Временно уменьшает вред от холода.;[МАГИЯ, расходуемое] Временно уменьшает вред от холода.;120000;;Зелья и расходуемая магия
Кольцо сухого пути;Не даёт одежде и обуви промокать от обычной воды.;[МАГИЯ] Не даёт одежде и обуви промокать от обычной воды.;120000;;Магические предметы
Миниатюра дворцовая;;Тонкая портретная миниатюра.;120000;;Драгоценности и предметы роскоши
Настой серебряной кожи;На короткое время делает кожу неприятной для некоторых проклятых существ.;[МАГИЯ, расходуемое] На короткое время делает кожу неприятной для некоторых проклятых существ.;120000;;Зелья и расходуемая магия
Масло быстрого заживления;Ускоряет естественное заживление небольших ран в течение суток.;[МАГИЯ, расходуемое] Ускоряет естественное заживление небольших ран в течение суток.;121000;;Зелья и расходуемая магия
Полулаты, походное исполнение;;Набор латных деталей без полной герметичной защиты. Ремни и крепления рассчитаны на дорогу.;121000;;Доспехи и защита
Сапоги верного севера;Всегда указывает на выбранный при настройке ориентир.;[МАГИЯ] Всегда указывает на выбранный при настройке ориентир.;123000;;Магические предметы
Амулет сухого пути;Не даёт одежде и обуви промокать от обычной воды.;[МАГИЯ] Не даёт одежде и обуви промокать от обычной воды.;125000;;Магические предметы
Духи дворцовые, флакон;;Редкий аромат из дорогих компонентов.;125000;;Драгоценности и предметы роскоши
Зелье увеличения;На время увеличивает размер и физическую мощь выпившего.;[МАГИЯ, расходуемое] На время увеличивает размер и физическую мощь выпившего.;125000;;Зелья и расходуемая магия
Перстень с аметистом, тонкая работа;;Перстень с хорошим аметистом. Высокое качество обработки.;125000;;Драгоценности и предметы роскоши
Цепочка золотая, тонкая работа;;Золотая цепочка среднего веса. Высокое качество обработки.;125000;;Драгоценности и предметы роскоши
Платье вечернее, парадная отделка;;Дорогая городская одежда для приёмов. Основной материал — тяжёлый бархат.;126000;;Одежда и аксессуары
Перчатки верного севера;Всегда указывает на выбранный при настройке ориентир.;[МАГИЯ] Всегда указывает на выбранный при настройке ориентир.;127500;;Магические предметы
Костюм парадный, богатая отделка;;Богатый комплект для официальных случаев. Основной материал — натуральный шёлк.;129500;;Одежда и аксессуары
Плащ сухого пути;Не даёт одежде и обуви промокать от обычной воды.;[МАГИЯ] Не даёт одежде и обуви промокать от обычной воды.;129500;;Магические предметы
Перчатки ловли снарядов;Позволяют намного надёжнее отбивать или ловить летящие снаряды.;"[МАГИЯ, необычный; настройка] Позволяют намного надёжнее отбивать или ловить летящие снаряды.";130000;Необычный;Магические предметы
Пыль сухости;Быстро поглощает большой объём воды в маленькие гранулы.;[МАГИЯ, расходуемое] Быстро поглощает большой объём воды в маленькие гранулы.;130000;;Зелья и расходуемая магия
Брошь верного севера;Всегда указывает на выбранный при настройке ориентир.;[МАГИЯ] Всегда указывает на выбранный при настройке ориентир.;132000;;Магические предметы
Дымовая капсула быстрого заживления;Ускоряет естественное заживление небольших ран в течение суток.;[МАГИЯ, расходуемое] Ускоряет естественное заживление небольших ран в течение суток.;132000;;Зелья и расходуемая магия
Наборный доспех, военное исполнение;;Тяжёлый доспех из полос и пластин. Усиленные уязвимые места.;132500;;Доспехи и защита
Кольчатый доспех, парадная отделка;;Тяжёлая одежда с нашитыми металлическими кольцами. Богато украшен и полирован.;134500;;Доспехи и защита
Сапоги сухого пути;Не даёт одежде и обуви промокать от обычной воды.;[МАГИЯ] Не даёт одежде и обуви промокать от обычной воды.;134500;;Магические предметы
Бальзам серебряной кожи;На короткое время делает кожу неприятной для некоторых проклятых существ.;[МАГИЯ, расходуемое] На короткое время делает кожу неприятной для некоторых проклятых существ.;135000;;Зелья и расходуемая магия
Жезл секретов;Помогает обнаруживать ближайшие скрытые двери и ловушки.;[МАГИЯ, необычный] Помогает обнаруживать ближайшие скрытые двери и ловушки.;135000;Необычный;Магические предметы
Кольцо чистой воды;Очищает ограниченный объём обычной воды от грязи и большинства бытовых примесей.;[МАГИЯ] Очищает ограниченный объём обычной воды от грязи и большинства бытовых примесей.;135000;;Магические предметы
Порошок голоса зверя;На короткое время позволяет передавать простые намерения обычным животным.;[МАГИЯ, расходуемое] На короткое время позволяет передавать простые намерения обычным животным.;135000;;Зелья и расходуемая магия
Кольчуга, мастерская подгонка;;Полноценная металлическая кольчужная защита. Подогнан по владельцу и качественно собран.;136500;;Доспехи и защита
Мундир офицерский, богатая отделка;;Качественный мундир с отделкой. Основной материал — натуральный шёлк.;137000;;Одежда и аксессуары
Перчатки сухого пути;Не даёт одежде и обуви промокать от обычной воды.;[МАГИЯ] Не даёт одежде и обуви промокать от обычной воды.;139000;;Магические предметы
Верёвка лазания;Слушается коротких команд и помогает подниматься.;[МАГИЯ, необычный] Слушается коротких команд и помогает подниматься.;140000;Необычный;Магические предметы
Зелье сопротивления молнии;Временно уменьшает вред от электричества.;[МАГИЯ, расходуемое] Временно уменьшает вред от электричества.;140000;;Зелья и расходуемая магия
Кровь демона, флакон;;"[МАГИЧЕСКИЙ КОМПОНЕНТ] Биологический реагент существа; используется в специализированных ритуалах и алхимии.";140000;;Магические компоненты и реагенты
Масло мягкого падения;Однократно смягчает опасное падение обработанного существа.;[МАГИЯ, расходуемое] Однократно смягчает опасное падение обработанного существа.;140000;;Зелья и расходуемая магия
Свиток заклинания 3 круга;"Содержит одно заранее записанное заклинание соответствующего уровня; после успешного применения запись исчезает.";"[МАГИЯ, расходуемое] Содержит одно заранее записанное заклинание соответствующего уровня; после успешного применения запись исчезает.";140000;;Книги, свитки и документы
Амулет чистой воды;Очищает ограниченный объём обычной воды от грязи и большинства бытовых примесей.;[МАГИЯ] Очищает ограниченный объём обычной воды от грязи и большинства бытовых примесей.;140500;;Магические предметы
Кираса, мастерская подгонка;;Жёсткая защита груди и спины. Подогнан по владельцу и качественно собран.;143000;;Доспехи и защита
Брошь сухого пути;Не даёт одежде и обуви промокать от обычной воды.;[МАГИЯ] Не даёт одежде и обуви промокать от обычной воды.;144000;;Магические предметы
Настой голоса зверя;На короткое время позволяет передавать простые намерения обычным животным.;[МАГИЯ, расходуемое] На короткое время позволяет передавать простые намерения обычным животным.;144000;;Зелья и расходуемая магия
Чешуйчатый доспех, парадная отделка;;Набор металлических чешуек на основе. Богато украшен и полирован.;145500;;Доспехи и защита
Плащ чистой воды;Очищает ограниченный объём обычной воды от грязи и большинства бытовых примесей.;[МАГИЯ] Очищает ограниченный объём обычной воды от грязи и большинства бытовых примесей.;146000;;Магические предметы
Кольцо золотое, антикварный экземпляр;;Золотое кольцо без камня. Возраст и происхождение повышают коллекционную ценность.;147000;;Драгоценности и предметы роскоши
Кошель с 15 золотых монет;;"Кошель, содержащий ровно 15 золотых монет; ценность равна содержимому.";150000;;Деньги и ценности
Кошель с 1500 серебряных монет;;"Кошель, содержащий ровно 1500 серебряных монет; ценность равна содержимому.";150000;;Деньги и ценности
Плащ защиты;Незначительно усиливает общую защиту и стойкость владельца.;"[МАГИЯ, необычный; настройка] Незначительно усиливает общую защиту и стойкость владельца.";150000;Необычный;Магические предметы
Эликсир серебряной кожи;На короткое время делает кожу неприятной для некоторых проклятых существ.;[МАГИЯ, расходуемое] На короткое время делает кожу неприятной для некоторых проклятых существ.;150000;;Зелья и расходуемая магия
Платье вечернее, богатая отделка;;Дорогая городская одежда для приёмов. Основной материал — натуральный шёлк.;151000;;Одежда и аксессуары
Сапоги чистой воды;Очищает ограниченный объём обычной воды от грязи и большинства бытовых примесей.;[МАГИЯ] Очищает ограниченный объём обычной воды от грязи и большинства бытовых примесей.;151000;;Магические предметы
Кубок серебряный, тонкая работа;;Большой серебряный кубок. Высокое качество обработки.;152000;;Драгоценности и предметы роскоши
Серьги золотые, дворцовая работа;;Пара золотых серёг. Исключительное качество и дорогая отделка.;154000;;Драгоценности и предметы роскоши
Зелье огненного дыхания;Несколько раз позволяет выдыхать конус пламени.;[МАГИЯ, расходуемое] Несколько раз позволяет выдыхать конус пламени.;155000;;Зелья и расходуемая магия
Кольцо невидимых чернил;Позволяет читать скрытые магические или химические чернила.;[МАГИЯ] Позволяет читать скрытые магические или химические чернила.;155000;;Магические предметы
Полулаты, военное исполнение;;Набор латных деталей без полной герметичной защиты. Усиленные уязвимые места.;155000;;Доспехи и защита
Перчатки чистой воды;Очищает ограниченный объём обычной воды от грязи и большинства бытовых примесей.;[МАГИЯ] Очищает ограниченный объём обычной воды от грязи и большинства бытовых примесей.;156500;;Магические предметы
Ихор демона, флакон;;[МАГИЧЕСКИЙ КОМПОНЕНТ] Опасная жидкость с выраженной нижнепланарной природой.;160000;;Магические компоненты и реагенты
Колода иллюзий;Брошенная карта создаёт правдоподобный иллюзорный образ указанного существа.;[МАГИЯ, необычный] Брошенная карта создаёт правдоподобный иллюзорный образ указанного существа.;160000;Необычный;Магические предметы
Неподвижный стержень;По команде фиксируется в пространстве и выдерживает очень большую нагрузку.;[МАГИЯ, необычный] По команде фиксируется в пространстве и выдерживает очень большую нагрузку.;160000;Необычный;Магические предметы
Статуэтка серебряная;;Небольшая художественная скульптура из серебра.;160000;;Драгоценности и предметы роскоши
Амулет невидимых чернил;Позволяет читать скрытые магические или химические чернила.;[МАГИЯ] Позволяет читать скрытые магические или химические чернила.;161000;;Магические предметы
Желчь демона, флакон;;"[МАГИЧЕСКИЙ КОМПОНЕНТ] Едкий органический реагент существа; используется в специализированных ритуалах и алхимии.";161000;;Магические компоненты и реагенты
Бальзам голоса зверя;На короткое время позволяет передавать простые намерения обычным животным.;[МАГИЯ, расходуемое] На короткое время позволяет передавать простые намерения обычным животным.;162000;;Зелья и расходуемая магия
Брошь чистой воды;Очищает ограниченный объём обычной воды от грязи и большинства бытовых примесей.;[МАГИЯ] Очищает ограниченный объём обычной воды от грязи и большинства бытовых примесей.;162000;;Магические предметы
Золото, 100 г, мастерская партия;;Чистое золото в слитке или зерне. Редко встречающееся качество и однородность.;163000;;Ремесленные материалы
Кольцо свободного падения;Автоматически смягчает падение владельца.;"[МАГИЯ, необычный; настройка] Автоматически смягчает падение владельца.";165000;Необычный;Магические предметы
Масло серебряной кожи;На короткое время делает кожу неприятной для некоторых проклятых существ.;[МАГИЯ, расходуемое] На короткое время делает кожу неприятной для некоторых проклятых существ.;165000;;Зелья и расходуемая магия
Порошок огненной кожи;На короткое время обжигает существо, которое хватает выпившего голыми руками.;[МАГИЯ, расходуемое] На короткое время обжигает существо, которое хватает выпившего голыми руками.;165000;;Зелья и расходуемая магия
Плащ невидимых чернил;Позволяет читать скрытые магические или химические чернила.;[МАГИЯ] Позволяет читать скрытые магические или химические чернила.;167500;;Магические предметы
Дымовая капсула ледяного тумана;Создаёт холодный туман, быстро охлаждающий небольшую область.;[МАГИЯ, расходуемое] Создаёт холодный туман, быстро охлаждающий небольшую область.;170000;;Зелья и расходуемая магия
Сапоги невидимых чернил;Позволяет читать скрытые магические или химические чернила.;[МАГИЯ] Позволяет читать скрытые магические или химические чернила.;173500;;Магические предметы
Настой огненной кожи;На короткое время обжигает существо, которое хватает выпившего голыми руками.;[МАГИЯ, расходуемое] На короткое время обжигает существо, которое хватает выпившего голыми руками.;176000;;Зелья и расходуемая магия
Астральная пыль, флакон;;[МАГИЧЕСКИЙ КОМПОНЕНТ] Пыль из переходных пространств, ценная для межпланарной магии.;180000;;Магические компоненты и реагенты
Дымовая капсула серебряной кожи;На короткое время делает кожу неприятной для некоторых проклятых существ.;[МАГИЯ, расходуемое] На короткое время делает кожу неприятной для некоторых проклятых существ.;180000;;Зелья и расходуемая магия
Зелье героизма;Временно придаёт сверхъестественную храбрость и стойкость.;[МАГИЯ, расходуемое] Временно придаёт сверхъестественную храбрость и стойкость.;180000;;Зелья и расходуемая магия
Клык вампира;;[МАГИЧЕСКИЙ КОМПОНЕНТ] Опасный редкий трофей с остаточной некромантической связью.;180000;;Магические компоненты и реагенты
Колье жемчужное;;Колье из подобранных жемчужин.;180000;;Драгоценности и предметы роскоши
Колье жемчужное, простая работа;;Колье из подобранных жемчужин. Без известного автора.;180000;;Драгоценности и предметы роскоши
Кольцо первого звона;Издаёт сигнал, если рядом открывают дверь или окно.;[МАГИЯ] Издаёт сигнал, если рядом открывают дверь или окно.;180000;;Магические предметы
Кольцо хождения по воде;Позволяет стоять и двигаться по поверхности жидкости.;[МАГИЯ, необычный] Позволяет стоять и двигаться по поверхности жидкости.;180000;Необычный;Магические предметы
Коробочка чужого запаха;Хранит один запах до следующего открытия и затем выпускает его.;[МАГИЯ, слабая] Хранит один запах до следующего открытия и затем выпускает его.;180000;;Редкости, диковинки и странные предметы
Масло огнестойкой кожи;Ненадолго уменьшает вред от обычного огня и жара.;[МАГИЯ, расходуемое] Ненадолго уменьшает вред от обычного огня и жара.;180000;;Зелья и расходуемая магия
Монета, всегда падающая на ребро;"При обычном подбрасывании почти всегда останавливается на ребре; как игральный предмет ненадёжна.";"[МАГИЯ, слабая] При обычном подбрасывании почти всегда останавливается на ребре; как игральный предмет ненадёжна.";180000;;Редкости, диковинки и странные предметы
Оружие +1;Качественно зачарованное оружие: немного точнее и опаснее обычного.;[МАГИЯ, необычный] Качественно зачарованное оружие: немного точнее и опаснее обычного.;180000;Необычный;Магические предметы
Перстень с сапфиром;;Ювелирное украшение с сапфиром.;180000;;Драгоценности и предметы роскоши
Перстень с сапфиром, простая работа;;Ювелирное украшение с сапфиром. Без известного автора.;180000;;Драгоценности и предметы роскоши
Перчатки невидимых чернил;Позволяет читать скрытые магические или химические чернила.;[МАГИЯ] Позволяет читать скрытые магические или химические чернила.;180000;;Магические предметы
Подзорная труба, мастерское исполнение;;Оптическая труба для наблюдения вдаль. Точное качественное исполнение.;180000;;Снаряжение и инструменты
Порошок ледяного дыхания;Однократно позволяет выдохнуть поток ледяного воздуха.;[МАГИЯ, расходуемое] Однократно позволяет выдохнуть поток ледяного воздуха.;180000;;Зелья и расходуемая магия
Сервиз фарфоровый;;Полный дорогой столовый сервиз.;180000;;Драгоценности и предметы роскоши
Сервиз фарфоровый, простая работа;;Полный дорогой столовый сервиз. Без известного автора.;180000;;Драгоценности и предметы роскоши
Эликсир голоса зверя;На короткое время позволяет передавать простые намерения обычным животным.;[МАГИЯ, расходуемое] На короткое время позволяет передавать простые намерения обычным животным.;180000;;Зелья и расходуемая магия
Кольчуга, парадная отделка;;Полноценная металлическая кольчужная защита. Богато украшен и полирован.;182000;;Доспехи и защита
Перстень с гранатом, дворцовая работа;;Золотой или серебряный перстень с гранатом. Исключительное качество и дорогая отделка.;182000;;Драгоценности и предметы роскоши
Брошь невидимых чернил;Позволяет читать скрытые магические или химические чернила.;[МАГИЯ] Позволяет читать скрытые магические или химические чернила.;186000;;Магические предметы
Амулет первого звона;Издаёт сигнал, если рядом открывают дверь или окно.;[МАГИЯ] Издаёт сигнал, если рядом открывают дверь или окно.;187000;;Магические предметы
Кираса, парадная отделка;;Жёсткая защита груди и спины. Богато украшен и полирован.;190500;;Доспехи и защита
Диадема серебряная, тонкая работа;;Декоративная серебряная диадема. Высокое качество обработки.;192000;;Драгоценности и предметы роскоши
Настой ледяного дыхания;Однократно позволяет выдохнуть поток ледяного воздуха.;[МАГИЯ, расходуемое] Однократно позволяет выдохнуть поток ледяного воздуха.;192000;;Зелья и расходуемая магия
Серьги золотые, антикварный экземпляр;;Пара золотых серёг. Возраст и происхождение повышают коллекционную ценность.;192500;;Драгоценности и предметы роскоши
Плащ первого звона;Издаёт сигнал, если рядом открывают дверь или окно.;[МАГИЯ] Издаёт сигнал, если рядом открывают дверь или окно.;194500;;Магические предметы
Бальзам огненной кожи;На короткое время обжигает существо, которое хватает выпившего голыми руками.;[МАГИЯ, расходуемое] На короткое время обжигает существо, которое хватает выпившего голыми руками.;198000;;Зелья и расходуемая магия
Масло голоса зверя;На короткое время позволяет передавать простые намерения обычным животным.;[МАГИЯ, расходуемое] На короткое время позволяет передавать простые намерения обычным животным.;198000;;Зелья и расходуемая магия
Запечатанный кошель на 20 золотых;;Опечатанный кошель с двадцатью золотыми монетами.;200000;;Деньги и ценности
Сапоги первого звона;Издаёт сигнал, если рядом открывают дверь или окно.;[МАГИЯ] Издаёт сигнал, если рядом открывают дверь или окно.;202000;;Магические предметы
Наборный доспех, мастерская подгонка;;Тяжёлый доспех из полос и пластин. Подогнан по владельцу и качественно собран.;206000;;Доспехи и защита
Перчатки первого звона;Издаёт сигнал, если рядом открывают дверь или окно.;[МАГИЯ] Издаёт сигнал, если рядом открывают дверь или окно.;209000;;Магические предметы
Амулет защиты от обнаружения;Скрывает владельца от большинства способов магического слежения.;"[МАГИЯ, необычный; настройка] Скрывает владельца от большинства способов магического слежения.";210000;Необычный;Магические предметы
Полный латный доспех, ополченческое исполнение;;Полный комплект подогнанных стальных лат. Простая массовая работа.;210000;;Доспехи и защита
Пыль исчезновения;При рассеивании делает нескольких существ временно невидимыми.;[МАГИЯ, расходуемое] При рассеивании делает нескольких существ временно невидимыми.;210000;;Зелья и расходуемая магия
Сапог, который не пачкается;"Один сапог всегда остаётся чистым; парный предмет утрачен.";"[МАГИЯ, слабая] Один сапог всегда остаётся чистым; парный предмет утрачен.";210000;;Редкости, диковинки и странные предметы
Бальзам ледяного дыхания;Однократно позволяет выдохнуть поток ледяного воздуха.;[МАГИЯ, расходуемое] Однократно позволяет выдохнуть поток ледяного воздуха.;216000;;Зелья и расходуемая магия
Брошь первого звона;Издаёт сигнал, если рядом открывают дверь или окно.;[МАГИЯ] Издаёт сигнал, если рядом открывают дверь или окно.;216000;;Магические предметы
Дымовая капсула голоса зверя;На короткое время позволяет передавать простые намерения обычным животным.;[МАГИЯ, расходуемое] На короткое время позволяет передавать простые намерения обычным животным.;216000;;Зелья и расходуемая магия
Перстень с аметистом, дворцовая работа;;Перстень с хорошим аметистом. Исключительное качество и дорогая отделка.;218000;;Драгоценности и предметы роскоши
Цепочка золотая, дворцовая работа;;Золотая цепочка среднего веса. Исключительное качество и дорогая отделка.;218000;;Драгоценности и предметы роскоши
Дымовая капсула сонного дыма;Создаёт слабый магический дым, вызывающий сонливость у уязвимых существ.;[МАГИЯ, расходуемое] Создаёт слабый магический дым, вызывающий сонливость у уязвимых существ.;220000;;Зелья и расходуемая магия
Кольцо памяти;Может сохранить один короткий зрительный образ и позднее показать его владельцу.;"[МАГИЯ; настройка] Может сохранить один короткий зрительный образ и позднее показать его владельцу.";220000;;Магические предметы
Перстень с рубином;;Ювелирное украшение с рубином.;220000;;Драгоценности и предметы роскоши
Перстень с рубином, простая работа;;Ювелирное украшение с рубином. Без известного автора.;220000;;Драгоценности и предметы роскоши
Эликсир огненной кожи;На короткое время обжигает существо, которое хватает выпившего голыми руками.;[МАГИЯ, расходуемое] На короткое время обжигает существо, которое хватает выпившего голыми руками.;220000;;Зелья и расходуемая магия
Перстень с гранатом, антикварный экземпляр;;Золотой или серебряный перстень с гранатом. Возраст и происхождение повышают коллекционную ценность.;228000;;Драгоценности и предметы роскоши
Амулет памяти;Может сохранить один короткий зрительный образ и позднее показать его владельцу.;"[МАГИЯ; настройка] Может сохранить один короткий зрительный образ и позднее показать его владельцу.";229000;;Магические предметы
Кувшин алхимии;Ежедневно производит выбранную бытовую или алхимическую жидкость из ограниченного перечня.;[МАГИЯ, необычный] Ежедневно производит выбранную бытовую или алхимическую жидкость из ограниченного перечня.;230000;Необычный;Магические предметы
Плащ памяти;Может сохранить один короткий зрительный образ и позднее показать его владельцу.;"[МАГИЯ; настройка] Может сохранить один короткий зрительный образ и позднее показать его владельцу.";238000;;Магические предметы
Гобелен ручной работы;;Большой сюжетный гобелен.;240000;;Драгоценности и предметы роскоши
Гобелен ручной работы, простая работа;;Большой сюжетный гобелен. Без известного автора.;240000;;Драгоценности и предметы роскоши
Жезл обнаружения магии;Несколько раз в день позволяет ощущать действующую магию поблизости.;[МАГИЯ, необычный] Несколько раз в день позволяет ощущать действующую магию поблизости.;240000;Необычный;Магические предметы
Зелье превосходного лечения;Сильное лечебное зелье.;[МАГИЯ, расходуемое] Сильное лечебное зелье.;240000;;Зелья и расходуемая магия
Ключ без замка;Раз в день слегка нагревается рядом с одной случайной запертой дверью в пределах здания.;[МАГИЯ, слабая] Раз в день слегка нагревается рядом с одной случайной запертой дверью в пределах здания.;240000;;Редкости, диковинки и странные предметы
Порошок малой удачи;До конца часа один раз позволяет улучшить неудачное действие.;[МАГИЯ, расходуемое] До конца часа один раз позволяет улучшить неудачное действие.;240000;;Зелья и расходуемая магия
Эликсир ледяного дыхания;Однократно позволяет выдохнуть поток ледяного воздуха.;[МАГИЯ, расходуемое] Однократно позволяет выдохнуть поток ледяного воздуха.;240000;;Зелья и расходуемая магия
Масло огненной кожи;На короткое время обжигает существо, которое хватает выпившего голыми руками.;[МАГИЯ, расходуемое] На короткое время обжигает существо, которое хватает выпившего голыми руками.;242000;;Зелья и расходуемая магия
Полулаты, мастерская подгонка;;Набор латных деталей без полной герметичной защиты. Подогнан по владельцу и качественно собран.;242000;;Доспехи и защита
Сапоги памяти;Может сохранить один короткий зрительный образ и позднее показать его владельцу.;"[МАГИЯ; настройка] Может сохранить один короткий зрительный образ и позднее показать его владельцу.";246000;;Магические предметы
Алмаз ритуальный крупный;;[МАГИЧЕСКИЙ КОМПОНЕНТ] Крупный чистый камень для высшей восстановительной магии.;250000;;Магические компоненты и реагенты
Кошель с 25 золотых монет;;"Кошель, содержащий ровно 25 золотых монет; ценность равна содержимому.";250000;;Деньги и ценности
Кошель с 2500 серебряных монет;;"Кошель, содержащий ровно 2500 серебряных монет; ценность равна содержимому.";250000;;Деньги и ценности
Сертификат торгового дома на 25 золотых;;Надёжный документ на предъявителя номиналом 25 золотых.;250000;;Деньги и ценности
Перчатки памяти;Может сохранить один короткий зрительный образ и позднее показать его владельцу.;"[МАГИЯ; настройка] Может сохранить один короткий зрительный образ и позднее показать его владельцу.";255000;;Магические предметы
Настой малой удачи;До конца часа один раз позволяет улучшить неудачное действие.;[МАГИЯ, расходуемое] До конца часа один раз позволяет улучшить неудачное действие.;256000;;Зелья и расходуемая магия
Зелье газообразной формы;Временно превращает тело в медленно движущееся облако.;[МАГИЯ, расходуемое] Временно превращает тело в медленно движущееся облако.;260000;;Зелья и расходуемая магия
Кольцо дыхания;На короткое время позволяет обходиться без воздуха.;"[МАГИЯ; настройка] На короткое время позволяет обходиться без воздуха.";260000;;Магические предметы
Ложка идеальной температуры;При перемешивании доводит одну порцию еды до комфортной температуры, не готовя её.;[МАГИЯ, слабая] При перемешивании доводит одну порцию еды до комфортной температуры, не готовя её.;260000;;Редкости, диковинки и странные предметы
Перстень с изумрудом;;Ювелирное украшение с изумрудом.;260000;;Драгоценности и предметы роскоши
Перстень с изумрудом, простая работа;;Ювелирное украшение с изумрудом. Без известного автора.;260000;;Драгоценности и предметы роскоши
Посох питона;Может превращаться в огромную змею и обратно.;"[МАГИЯ, необычный; настройка] Может превращаться в огромную змею и обратно.";260000;Необычный;Магические предметы
Брошь памяти;Может сохранить один короткий зрительный образ и позднее показать его владельцу.;"[МАГИЯ; настройка] Может сохранить один короткий зрительный образ и позднее показать его владельцу.";264000;;Магические предметы
Дымовая капсула огненной кожи;На короткое время обжигает существо, которое хватает выпившего голыми руками.;[МАГИЯ, расходуемое] На короткое время обжигает существо, которое хватает выпившего голыми руками.;264000;;Зелья и расходуемая магия
Масло ледяного дыхания;Однократно позволяет выдохнуть поток ледяного воздуха.;[МАГИЯ, расходуемое] Однократно позволяет выдохнуть поток ледяного воздуха.;264000;;Зелья и расходуемая магия
Кубок серебряный, дворцовая работа;;Большой серебряный кубок. Исключительное качество и дорогая отделка.;266000;;Драгоценности и предметы роскоши
Амулет дыхания;На короткое время позволяет обходиться без воздуха.;"[МАГИЯ; настройка] На короткое время позволяет обходиться без воздуха.";270000;;Магические предметы
Перстень с аметистом, антикварный экземпляр;;Перстень с хорошим аметистом. Возраст и происхождение повышают коллекционную ценность.;273000;;Драгоценности и предметы роскоши
Цепочка золотая, антикварный экземпляр;;Золотая цепочка среднего веса. Возраст и происхождение повышают коллекционную ценность.;273000;;Драгоценности и предметы роскоши
Наборный доспех, парадная отделка;;Тяжёлый доспех из полос и пластин. Богато украшен и полирован.;274000;;Доспехи и защита
Жемчужина силы;Позволяет заклинателю восстановить часть потраченной магической силы.;"[МАГИЯ, необычный; настройка] Позволяет заклинателю восстановить часть потраченной магической силы.";280000;Необычный;Магические предметы
Зелье чтения мыслей;На короткое время позволяет улавливать поверхностные мысли ближайших существ.;[МАГИЯ, расходуемое] На короткое время позволяет улавливать поверхностные мысли ближайших существ.;280000;;Зелья и расходуемая магия
Полный латный доспех;;Полный комплект подогнанных стальных лат.;280000;;Доспехи и защита
Плащ дыхания;На короткое время позволяет обходиться без воздуха.;"[МАГИЯ; настройка] На короткое время позволяет обходиться без воздуха.";281000;;Магические предметы
Бальзам малой удачи;До конца часа один раз позволяет улучшить неудачное действие.;[МАГИЯ, расходуемое] До конца часа один раз позволяет улучшить неудачное действие.;288000;;Зелья и расходуемая магия
Дымовая капсула ледяного дыхания;Однократно позволяет выдохнуть поток ледяного воздуха.;[МАГИЯ, расходуемое] Однократно позволяет выдохнуть поток ледяного воздуха.;288000;;Зелья и расходуемая магия
Колье жемчужное, тонкая работа;;Колье из подобранных жемчужин. Высокое качество обработки.;288000;;Драгоценности и предметы роскоши
Перстень с сапфиром, тонкая работа;;Ювелирное украшение с сапфиром. Высокое качество обработки.;288000;;Драгоценности и предметы роскоши
Сервиз фарфоровый, тонкая работа;;Полный дорогой столовый сервиз. Высокое качество обработки.;288000;;Драгоценности и предметы роскоши
Сапоги дыхания;На короткое время позволяет обходиться без воздуха.;"[МАГИЯ; настройка] На короткое время позволяет обходиться без воздуха.";291000;;Магические предметы
Полный латный доспех, походное исполнение;;Полный комплект подогнанных стальных лат. Ремни и крепления рассчитаны на дорогу.;294000;;Доспехи и защита
Перчатки дыхания;На короткое время позволяет обходиться без воздуха.;"[МАГИЯ; настройка] На короткое время позволяет обходиться без воздуха.";302000;;Магические предметы
Брошь дыхания;На короткое время позволяет обходиться без воздуха.;"[МАГИЯ; настройка] На короткое время позволяет обходиться без воздуха.";312000;;Магические предметы
Зелье невидимости;Делает выпившего невидимым, пока эффект не будет нарушен действием или временем.;[МАГИЯ, расходуемое] Делает выпившего невидимым, пока эффект не будет нарушен действием или временем.;320000;;Зелья и расходуемая магия
Зеркало с секундной задержкой;Отражение повторяет происходящее примерно на секунду позже.;[МАГИЯ, необычный] Отражение повторяет происходящее примерно на секунду позже.;320000;Необычный;Редкости, диковинки и странные предметы
Ковёр шёлковый;;Большой дорогой ковёр ручной работы.;320000;;Драгоценности и предметы роскоши
Ковёр шёлковый, простая работа;;Большой дорогой ковёр ручной работы. Без известного автора.;320000;;Драгоценности и предметы роскоши
Кольцо безопасного падения;Раз в день сильно смягчает падение владельца.;"[МАГИЯ; настройка] Раз в день сильно смягчает падение владельца.";320000;;Магические предметы
Кольцо защиты;Постоянно усиливает защиту и сопротивляемость опасностям.;"[МАГИЯ, редкий; настройка] Постоянно усиливает защиту и сопротивляемость опасностям.";320000;Редкий;Магические предметы
Платиновый слиток, 100 г;;Редкий драгоценный металл высокой стоимости.;320000;;Деньги и ценности
Свиток заклинания 4 круга;"Содержит одно заранее записанное заклинание соответствующего уровня; после успешного применения запись исчезает.";"[МАГИЯ, расходуемое] Содержит одно заранее записанное заклинание соответствующего уровня; после успешного применения запись исчезает.";320000;;Книги, свитки и документы
Эликсир малой удачи;До конца часа один раз позволяет улучшить неудачное действие.;[МАГИЯ, расходуемое] До конца часа один раз позволяет улучшить неудачное действие.;320000;;Зелья и расходуемая магия
Полулаты, парадная отделка;;Набор латных деталей без полной герметичной защиты. Богато украшен и полирован.;322000;;Доспехи и защита
Кубок серебряный, антикварный экземпляр;;Большой серебряный кубок. Возраст и происхождение повышают коллекционную ценность.;332000;;Драгоценности и предметы роскоши
Амулет безопасного падения;Раз в день сильно смягчает падение владельца.;"[МАГИЯ; настройка] Раз в день сильно смягчает падение владельца.";333000;;Магические предметы
Диадема серебряная, дворцовая работа;;Декоративная серебряная диадема. Исключительное качество и дорогая отделка.;336000;;Драгоценности и предметы роскоши
Плащ безопасного падения;Раз в день сильно смягчает падение владельца.;"[МАГИЯ; настройка] Раз в день сильно смягчает падение владельца.";346000;;Магические предметы
Камень удачи;Даёт владельцу небольшое постоянное преимущество в проверках и спасении от опасностей.;"[МАГИЯ, необычный; настройка] Даёт владельцу небольшое постоянное преимущество в проверках и спасении от опасностей.";350000;Необычный;Магические предметы
Масло малой удачи;До конца часа один раз позволяет улучшить неудачное действие.;[МАГИЯ, расходуемое] До конца часа один раз позволяет улучшить неудачное действие.;352000;;Зелья и расходуемая магия
Перстень с рубином, тонкая работа;;Ювелирное украшение с рубином. Высокое качество обработки.;352000;;Драгоценности и предметы роскоши
Сапоги безопасного падения;Раз в день сильно смягчает падение владельца.;"[МАГИЯ; настройка] Раз в день сильно смягчает падение владельца.";358000;;Магические предметы
Перчатки безопасного падения;Раз в день сильно смягчает падение владельца.;"[МАГИЯ; настройка] Раз в день сильно смягчает падение владельца.";371000;;Магические предметы
Полный латный доспех, военное исполнение;;Полный комплект подогнанных стальных лат. Усиленные уязвимые места.;378000;;Доспехи и защита
Волшебная палочка магических снарядов;Хранит заряды, выпускающие безошибочно наводящиеся магические снаряды.;[МАГИЯ, необычный] Хранит заряды, выпускающие безошибочно наводящиеся магические снаряды.;380000;Необычный;Магические предметы
Кольцо быстрой руки;Несколько раз в день ускоряет одно простое ручное действие.;"[МАГИЯ; настройка] Несколько раз в день ускоряет одно простое ручное действие.";380000;;Магические предметы
Брошь безопасного падения;Раз в день сильно смягчает падение владельца.;"[МАГИЯ; настройка] Раз в день сильно смягчает падение владельца.";384000;;Магические предметы
Гобелен ручной работы, тонкая работа;;Большой сюжетный гобелен. Высокое качество обработки.;384000;;Драгоценности и предметы роскоши
Дымовая капсула малой удачи;До конца часа один раз позволяет улучшить неудачное действие.;[МАГИЯ, расходуемое] До конца часа один раз позволяет улучшить неудачное действие.;384000;;Зелья и расходуемая магия
Амулет быстрой руки;Несколько раз в день ускоряет одно простое ручное действие.;"[МАГИЯ; настройка] Несколько раз в день ускоряет одно простое ручное действие.";395000;;Магические предметы
Кошель с 40 золотых монет;;"Кошель, содержащий ровно 40 золотых монет; ценность равна содержимому.";400000;;Деньги и ценности
Плащ быстрой руки;Несколько раз в день ускоряет одно простое ручное действие.;"[МАГИЯ; настройка] Несколько раз в день ускоряет одно простое ручное действие.";410000;;Магические предметы
Перстень с изумрудом, тонкая работа;;Ювелирное украшение с изумрудом. Высокое качество обработки.;416000;;Драгоценности и предметы роскоши
Амулет здоровья;Поддерживает тело владельца на необычно высоком уровне выносливости.;"[МАГИЯ, редкий; настройка] Поддерживает тело владельца на необычно высоком уровне выносливости.";420000;Редкий;Магические предметы
Диадема серебряная, антикварный экземпляр;;Декоративная серебряная диадема. Возраст и происхождение повышают коллекционную ценность.;420000;;Драгоценности и предметы роскоши
Доспех +1;Магически укреплённый доспех, защищающий лучше обычного аналога.;[МАГИЯ, редкий] Магически укреплённый доспех, защищающий лучше обычного аналога.;420000;Редкий;Магические предметы
Кольцо следопыта;Помогает не потерять недавно оставленный след.;"[МАГИЯ; настройка] Помогает не потерять недавно оставленный след.";420000;;Магические предметы
Масло остроты;Временно усиливает клинок или несколько боеприпасов.;[МАГИЯ, расходуемое] Временно усиливает клинок или несколько боеприпасов.;420000;;Зелья и расходуемая магия
Перо небожителя;;[МАГИЧЕСКИЙ КОМПОНЕНТ] Чрезвычайно редкий компонент с верхнепланарной силой.;420000;;Магические компоненты и реагенты
Стеклянная капля невесомости;Маленькая стеклянная капля почти ничего не весит и медленно опускается в воздухе.;[МАГИЯ, необычный] Маленькая стеклянная капля почти ничего не весит и медленно опускается в воздухе.;420000;Необычный;Редкости, диковинки и странные предметы
Сапоги быстрой руки;Несколько раз в день ускоряет одно простое ручное действие.;"[МАГИЯ; настройка] Несколько раз в день ускоряет одно простое ручное действие.";426000;;Магические предметы
Амулет следопыта;Помогает не потерять недавно оставленный след.;"[МАГИЯ; настройка] Помогает не потерять недавно оставленный след.";437000;;Магические предметы
Перчатки быстрой руки;Несколько раз в день ускоряет одно простое ручное действие.;"[МАГИЯ; настройка] Несколько раз в день ускоряет одно простое ручное действие.";441000;;Магические предметы
Диадема золотая;;Тяжёлая золотая диадема.;450000;;Драгоценности и предметы роскоши
Диадема золотая, простая работа;;Тяжёлая золотая диадема. Без известного автора.;450000;;Драгоценности и предметы роскоши
Плащ следопыта;Помогает не потерять недавно оставленный след.;"[МАГИЯ; настройка] Помогает не потерять недавно оставленный след.";454000;;Магические предметы
Брошь быстрой руки;Несколько раз в день ускоряет одно простое ручное действие.;"[МАГИЯ; настройка] Несколько раз в день ускоряет одно простое ручное действие.";456000;;Магические предметы
Сапоги следопыта;Помогает не потерять недавно оставленный след.;"[МАГИЯ; настройка] Помогает не потерять недавно оставленный след.";470000;;Магические предметы
Зелье полёта;На ограниченное время даёт скорость полёта.;[МАГИЯ, расходуемое] На ограниченное время даёт скорость полёта.;480000;;Зелья и расходуемая магия
Метла полёта;Может переносить седока по воздуху по команде.;[МАГИЯ, необычный] Может переносить седока по воздуху по команде.;480000;Необычный;Магические предметы
Щит притяжения стрел;Магически склоняет летящие снаряды к владельцу щита, защищая окружающих ценой риска для носителя.;"[МАГИЯ, редкий; настройка] Магически склоняет летящие снаряды к владельцу щита, защищая окружающих ценой риска для носителя.";480000;Редкий;Магические предметы
Перчатки следопыта;Помогает не потерять недавно оставленный след.;"[МАГИЯ; настройка] Помогает не потерять недавно оставленный след.";487000;;Магические предметы
Порошок эфирной лёгкости;На несколько мгновений делает тело частично нематериальным.;[МАГИЯ, расходуемое] На несколько мгновений делает тело частично нематериальным.;488000;;Зелья и расходуемая магия
50 золотых монет;;Пятьдесят золотых монет.;500000;;Деньги и ценности
Казначейский сертификат на 50 золотых;;Государственное платёжное обязательство номиналом 50 золотых.;500000;;Деньги и ценности
Кошель с 5000 серебряных монет;;"Кошель, содержащий ровно 5000 серебряных монет; ценность равна содержимому.";500000;;Деньги и ценности
Брошь следопыта;Помогает не потерять недавно оставленный след.;"[МАГИЯ; настройка] Помогает не потерять недавно оставленный след.";504000;;Магические предметы
Колье жемчужное, дворцовая работа;;Колье из подобранных жемчужин. Исключительное качество и дорогая отделка.;504000;;Драгоценности и предметы роскоши
Перстень с сапфиром, дворцовая работа;;Ювелирное украшение с сапфиром. Исключительное качество и дорогая отделка.;504000;;Драгоценности и предметы роскоши
Сервиз фарфоровый, дворцовая работа;;Полный дорогой столовый сервиз. Исключительное качество и дорогая отделка.;504000;;Драгоценности и предметы роскоши
Ковёр шёлковый, тонкая работа;;Большой дорогой ковёр ручной работы. Высокое качество обработки.;512000;;Драгоценности и предметы роскоши
Волшебная палочка паутины;Создаёт липкую магическую паутину за счёт зарядов.;"[МАГИЯ, необычный; настройка] Создаёт липкую магическую паутину за счёт зарядов.";520000;Необычный;Магические предметы
Зелье скорости;Кратковременно резко ускоряет движения и реакции.;[МАГИЯ, расходуемое] Кратковременно резко ускоряет движения и реакции.;520000;;Зелья и расходуемая магия
Кольцо защитной искры;Раз в день создаёт краткий защитный импульс при опасности.;"[МАГИЯ; настройка] Раз в день создаёт краткий защитный импульс при опасности.";520000;;Магические предметы
Кубок золотой;;Тяжёлый золотой кубок.;520000;;Драгоценности и предметы роскоши
Кубок золотой, простая работа;;Тяжёлый золотой кубок. Без известного автора.;520000;;Драгоценности и предметы роскоши
Настой эфирной лёгкости;На несколько мгновений делает тело частично нематериальным.;[МАГИЯ, расходуемое] На несколько мгновений делает тело частично нематериальным.;520000;;Зелья и расходуемая магия
Амулет защитной искры;Раз в день создаёт краткий защитный импульс при опасности.;"[МАГИЯ; настройка] Раз в день создаёт краткий защитный импульс при опасности.";541000;;Магические предметы
Фигурка чудесной силы;Маленькая статуэтка временно превращается в полезное живое существо определённого вида.;[МАГИЯ, редкий] Маленькая статуэтка временно превращается в полезное живое существо определённого вида.;550000;Редкий;Магические предметы
Плащ защитной искры;Раз в день создаёт краткий защитный импульс при опасности.;"[МАГИЯ; настройка] Раз в день создаёт краткий защитный импульс при опасности.";562000;;Магические предметы
Сапоги защитной искры;Раз в день создаёт краткий защитный импульс при опасности.;"[МАГИЯ; настройка] Раз в день создаёт краткий защитный импульс при опасности.";582000;;Магические предметы
Бальзам эфирной лёгкости;На несколько мгновений делает тело частично нематериальным.;[МАГИЯ, расходуемое] На несколько мгновений делает тело частично нематериальным.;585000;;Зелья и расходуемая магия
Полный латный доспех, мастерская подгонка;;Полный комплект подогнанных стальных лат. Подогнан по владельцу и качественно собран.;588000;;Доспехи и защита
Перчатки защитной искры;Раз в день создаёт краткий защитный импульс при опасности.;"[МАГИЯ; настройка] Раз в день создаёт краткий защитный импульс при опасности.";603000;;Магические предметы
Перстень с рубином, дворцовая работа;;Ювелирное украшение с рубином. Исключительное качество и дорогая отделка.;616000;;Драгоценности и предметы роскоши
Верёвка опутывания;Может сама связывать указанную цель.;[МАГИЯ, редкий] Может сама связывать указанную цель.;620000;Редкий;Магические предметы
Фляга бесконечного конденсата;Постепенно собирает чистую воду из воздуха, но слишком медленно для боевого применения.;[МАГИЯ, необычный] Постепенно собирает чистую воду из воздуха, но слишком медленно для боевого применения.;620000;Необычный;Редкости, диковинки и странные предметы
Брошь защитной искры;Раз в день создаёт краткий защитный импульс при опасности.;"[МАГИЯ; настройка] Раз в день создаёт краткий защитный импульс при опасности.";624000;;Магические предметы
Колье жемчужное, антикварный экземпляр;;Колье из подобранных жемчужин. Возраст и происхождение повышают коллекционную ценность.;630000;;Драгоценности и предметы роскоши
Перстень с сапфиром, антикварный экземпляр;;Ювелирное украшение с сапфиром. Возраст и происхождение повышают коллекционную ценность.;630000;;Драгоценности и предметы роскоши
Сервиз фарфоровый, антикварный экземпляр;;Полный дорогой столовый сервиз. Возраст и происхождение повышают коллекционную ценность.;630000;;Драгоценности и предметы роскоши
Крылатые сапоги;На ограниченное время дают владельцу полноценный полёт.;"[МАГИЯ, необычный; настройка] На ограниченное время дают владельцу полноценный полёт.";650000;Необычный;Магические предметы
Эликсир эфирной лёгкости;На несколько мгновений делает тело частично нематериальным.;[МАГИЯ, расходуемое] На несколько мгновений делает тело частично нематериальным.;650000;;Зелья и расходуемая магия
Гобелен ручной работы, дворцовая работа;;Большой сюжетный гобелен. Исключительное качество и дорогая отделка.;672000;;Драгоценности и предметы роскоши
Адамантиновый доспех;Особый металл и чары снижают опасность особенно удачных ударов по владельцу.;[МАГИЯ, необычный] Особый металл и чары снижают опасность особенно удачных ударов по владельцу.;680000;Необычный;Магические предметы
Золотой слиток, 1 кг;;Крупный слиток золота.;680000;;Деньги и ценности
Кольцо малой двери;Раз в день позволяет пройти через очень тонкую немагическую преграду.;"[МАГИЯ; настройка] Раз в день позволяет пройти через очень тонкую немагическую преграду.";680000;;Магические предметы
Амулет малой двери;Раз в день позволяет пройти через очень тонкую немагическую преграду.;"[МАГИЯ; настройка] Раз в день позволяет пройти через очень тонкую немагическую преграду.";707000;;Магические предметы
Масло эфирной лёгкости;На несколько мгновений делает тело частично нематериальным.;[МАГИЯ, расходуемое] На несколько мгновений делает тело частично нематериальным.;715000;;Зелья и расходуемая магия
Диадема золотая, тонкая работа;;Тяжёлая золотая диадема. Высокое качество обработки.;720000;;Драгоценности и предметы роскоши
Перстень с изумрудом, дворцовая работа;;Ювелирное украшение с изумрудом. Исключительное качество и дорогая отделка.;728000;;Драгоценности и предметы роскоши
Плащ малой двери;Раз в день позволяет пройти через очень тонкую немагическую преграду.;"[МАГИЯ; настройка] Раз в день позволяет пройти через очень тонкую немагическую преграду.";734000;;Магические предметы
Книга пустых ответов;"На заданный письменно вопрос иногда выводит короткий двусмысленный ответ; достоверность не гарантирована.";"[МАГИЯ, необычный] На заданный письменно вопрос иногда выводит короткий двусмысленный ответ; достоверность не гарантирована.";750000;Необычный;Редкости, диковинки и странные предметы
Кошель с 75 золотых монет;;"Кошель, содержащий ровно 75 золотых монет; ценность равна содержимому.";750000;;Деньги и ценности
Кольцо эхо;Может воспроизвести услышанный ранее короткий звук.;"[МАГИЯ; настройка] Может воспроизвести услышанный ранее короткий звук.";760000;;Магические предметы
Мифрильный доспех;Очень лёгкий доспех, меньше мешающий скрытности и движению.;[МАГИЯ, необычный] Очень лёгкий доспех, меньше мешающий скрытности и движению.;760000;Необычный;Магические предметы
Свиток заклинания 5 круга;"Содержит одно заранее записанное заклинание соответствующего уровня; после успешного применения запись исчезает.";"[МАГИЯ, расходуемое] Содержит одно заранее записанное заклинание соответствующего уровня; после успешного применения запись исчезает.";760000;;Книги, свитки и документы
Сапоги малой двери;Раз в день позволяет пройти через очень тонкую немагическую преграду.;"[МАГИЯ; настройка] Раз в день позволяет пройти через очень тонкую немагическую преграду.";762000;;Магические предметы
Перстень с рубином, антикварный экземпляр;;Ювелирное украшение с рубином. Возраст и происхождение повышают коллекционную ценность.;770000;;Драгоценности и предметы роскоши
Дымовая капсула эфирной лёгкости;На несколько мгновений делает тело частично нематериальным.;[МАГИЯ, расходуемое] На несколько мгновений делает тело частично нематериальным.;780000;;Зелья и расходуемая магия
Статуэтка золотая;;Небольшая художественная скульптура из золота.;780000;;Драгоценности и предметы роскоши
Полный латный доспех, парадная отделка;;Полный комплект подогнанных стальных лат. Богато украшен и полирован.;784000;;Доспехи и защита
Перчатки малой двери;Раз в день позволяет пройти через очень тонкую немагическую преграду.;"[МАГИЯ; настройка] Раз в день позволяет пройти через очень тонкую немагическую преграду.";789000;;Магические предметы
Амулет эхо;Может воспроизвести услышанный ранее короткий звук.;"[МАГИЯ; настройка] Может воспроизвести услышанный ранее короткий звук.";790000;;Магические предметы
Долговая расписка богатого дома;;Номинальная ценность высока, но зависит от платёжеспособности должника.;800000;;Деньги и ценности
Брошь малой двери;Раз в день позволяет пройти через очень тонкую немагическую преграду.;"[МАГИЯ; настройка] Раз в день позволяет пройти через очень тонкую немагическую преграду.";816000;;Магические предметы
Кольцо ночного глаза;Даёт улучшенное зрение при слабом свете.;"[МАГИЯ; настройка] Даёт улучшенное зрение при слабом свете.";820000;;Магические предметы
Плащ эхо;Может воспроизвести услышанный ранее короткий звук.;"[МАГИЯ; настройка] Может воспроизвести услышанный ранее короткий звук.";821000;;Магические предметы
Кубок золотой, тонкая работа;;Тяжёлый золотой кубок. Высокое качество обработки.;832000;;Драгоценности и предметы роскоши
Гобелен ручной работы, антикварный экземпляр;;Большой сюжетный гобелен. Возраст и происхождение повышают коллекционную ценность.;840000;;Драгоценности и предметы роскоши
Картина известного мастера;;Подлинная работа признанного художника.;850000;;Драгоценности и предметы роскоши
Посох паука;Даёт свойства, связанные с паутиной, лазанием и ядом.;"[МАГИЯ, редкий; настройка] Даёт свойства, связанные с паутиной, лазанием и ядом.";850000;Редкий;Магические предметы
Серебряный торговый брусок, 10 кг;;Крупный стандартизированный брусок серебра для крупных расчётов.;850000;;Деньги и ценности
Сапоги эхо;Может воспроизвести услышанный ранее короткий звук.;"[МАГИЯ; настройка] Может воспроизвести услышанный ранее короткий звук.";851000;;Магические предметы
Амулет ночного глаза;Даёт улучшенное зрение при слабом свете.;"[МАГИЯ; настройка] Даёт улучшенное зрение при слабом свете.";853000;;Магические предметы
Перчатки эхо;Может воспроизвести услышанный ранее короткий звук.;"[МАГИЯ; настройка] Может воспроизвести услышанный ранее короткий звук.";882000;;Магические предметы
Плащ ночного глаза;Даёт улучшенное зрение при слабом свете.;"[МАГИЯ; настройка] Даёт улучшенное зрение при слабом свете.";886000;;Магические предметы
Зелье высшего лечения;Исключительно мощное лечебное зелье.;[МАГИЯ, расходуемое] Исключительно мощное лечебное зелье.;900000;;Зелья и расходуемая магия
Перстень с изумрудом, антикварный экземпляр;;Ювелирное украшение с изумрудом. Возраст и происхождение повышают коллекционную ценность.;910000;;Драгоценности и предметы роскоши
Брошь эхо;Может воспроизвести услышанный ранее короткий звук.;"[МАГИЯ; настройка] Может воспроизвести услышанный ранее короткий звук.";912000;;Магические предметы
Сапоги ночного глаза;Даёт улучшенное зрение при слабом свете.;"[МАГИЯ; настройка] Даёт улучшенное зрение при слабом свете.";918000;;Магические предметы
Колье с бриллиантами;;Дорогое ювелирное изделие с бриллиантами.;950000;;Драгоценности и предметы роскоши
Колье с бриллиантами, простая работа;;Дорогое ювелирное изделие с бриллиантами. Без известного автора.;950000;;Драгоценности и предметы роскоши
Оружие +2;Сильное зачарование заметно повышает точность и урон оружия.;[МАГИЯ, редкий] Сильное зачарование заметно повышает точность и урон оружия.;950000;Редкий;Магические предметы
Перчатки ночного глаза;Даёт улучшенное зрение при слабом свете.;"[МАГИЯ; настройка] Даёт улучшенное зрение при слабом свете.";951000;;Магические предметы
Кольцо возврата;Раз в день возвращает небольшой брошенный предмет в руку владельца.;"[МАГИЯ; настройка] Раз в день возвращает небольшой брошенный предмет в руку владельца.";980000;;Магические предметы
Брошь ночного глаза;Даёт улучшенное зрение при слабом свете.;"[МАГИЯ; настройка] Даёт улучшенное зрение при слабом свете.";984000;;Магические предметы
100 золотых монет;;Сто золотых монет.;1000000;;Деньги и ценности
Кошель с 10000 серебряных монет;;"Кошель, содержащий ровно 10000 серебряных монет; ценность равна содержимому.";1000000;;Деньги и ценности
Торговый вексель на 100 зол.;;Крупный вексель надёжного торгового дома.;1000000;;Деньги и ценности
Амулет возврата;Раз в день возвращает небольшой брошенный предмет в руку владельца.;"[МАГИЯ; настройка] Раз в день возвращает небольшой брошенный предмет в руку владельца.";1020000;;Магические предметы
Плащ возврата;Раз в день возвращает небольшой брошенный предмет в руку владельца.;"[МАГИЯ; настройка] Раз в день возвращает небольшой брошенный предмет в руку владельца.";1060000;;Магические предметы
Сапоги возврата;Раз в день возвращает небольшой брошенный предмет в руку владельца.;"[МАГИЯ; настройка] Раз в день возвращает небольшой брошенный предмет в руку владельца.";1100000;;Магические предметы
Перчатки возврата;Раз в день возвращает небольшой брошенный предмет в руку владельца.;"[МАГИЯ; настройка] Раз в день возвращает небольшой брошенный предмет в руку владельца.";1135000;;Магические предметы
Брошь возврата;Раз в день возвращает небольшой брошенный предмет в руку владельца.;"[МАГИЯ; настройка] Раз в день возвращает небольшой брошенный предмет в руку владельца.";1175000;;Магические предметы
Осколок межмирья;;"[МАГИЧЕСКИЙ КОМПОНЕНТ] Нестабильный фрагмент материи из трещины между мирами; крайне редок.";1200000;;Магические компоненты и реагенты
Посох исцеления;Хранит заряды магии лечения и восстановления.;"[МАГИЯ, редкий; настройка] Хранит заряды магии лечения и восстановления.";1200000;Редкий;Магические предметы
Кольцо пространственного кармана;Содержит небольшой внепространственный отсек для груза.;"[МАГИЯ; настройка] Содержит небольшой внепространственный отсек для груза.";1250000;;Магические предметы
Диадема золотая, дворцовая работа;;Тяжёлая золотая диадема. Исключительное качество и дорогая отделка.;1260000;;Драгоценности и предметы роскоши
Амулет пространственного кармана;Содержит небольшой внепространственный отсек для груза.;"[МАГИЯ; настройка] Содержит небольшой внепространственный отсек для груза.";1300000;;Магические предметы
Плащ пространственного кармана;Содержит небольшой внепространственный отсек для груза.;"[МАГИЯ; настройка] Содержит небольшой внепространственный отсек для груза.";1350000;;Магические предметы
Сапоги пространственного кармана;Содержит небольшой внепространственный отсек для груза.;"[МАГИЯ; настройка] Содержит небольшой внепространственный отсек для груза.";1400000;;Магические предметы
Кольцо ветрового прыжка;Несколько раз в день позволяет совершить необычно длинный прыжок.;"[МАГИЯ; настройка] Несколько раз в день позволяет совершить необычно длинный прыжок.";1450000;;Магические предметы
Перчатки пространственного кармана;Содержит небольшой внепространственный отсек для груза.;"[МАГИЯ; настройка] Содержит небольшой внепространственный отсек для груза.";1450000;;Магические предметы
Кубок золотой, дворцовая работа;;Тяжёлый золотой кубок. Исключительное качество и дорогая отделка.;1455000;;Драгоценности и предметы роскоши
Брошь пространственного кармана;Содержит небольшой внепространственный отсек для груза.;"[МАГИЯ; настройка] Содержит небольшой внепространственный отсек для груза.";1500000;;Магические предметы
Казначейская расписка;;Обязательство государственной казны выплатить указанную сумму предъявителю.;1500000;;Деньги и ценности
Кошель с 150 золотых монет;;"Кошель, содержащий ровно 150 золотых монет; ценность равна содержимому.";1500000;;Деньги и ценности
Амулет ветрового прыжка;Несколько раз в день позволяет совершить необычно длинный прыжок.;"[МАГИЯ; настройка] Несколько раз в день позволяет совершить необычно длинный прыжок.";1510000;;Магические предметы
Колье с бриллиантами, тонкая работа;;Дорогое ювелирное изделие с бриллиантами. Высокое качество обработки.;1520000;;Драгоценности и предметы роскоши
Плащ ветрового прыжка;Несколько раз в день позволяет совершить необычно длинный прыжок.;"[МАГИЯ; настройка] Несколько раз в день позволяет совершить необычно длинный прыжок.";1565000;;Магические предметы
Диадема золотая, антикварный экземпляр;;Тяжёлая золотая диадема. Возраст и происхождение повышают коллекционную ценность.;1575000;;Драгоценности и предметы роскоши
Сапоги ветрового прыжка;Несколько раз в день позволяет совершить необычно длинный прыжок.;"[МАГИЯ; настройка] Несколько раз в день позволяет совершить необычно длинный прыжок.";1625000;;Магические предметы
Перчатки ветрового прыжка;Несколько раз в день позволяет совершить необычно длинный прыжок.;"[МАГИЯ; настройка] Несколько раз в день позволяет совершить необычно длинный прыжок.";1680000;;Магические предметы
Волшебная палочка молний;Выпускает мощные линии молнии за счёт зарядов.;"[МАГИЯ, редкий; настройка] Выпускает мощные линии молнии за счёт зарядов.";1700000;Редкий;Магические предметы
Брошь ветрового прыжка;Несколько раз в день позволяет совершить необычно длинный прыжок.;"[МАГИЯ; настройка] Несколько раз в день позволяет совершить необычно длинный прыжок.";1740000;;Магические предметы
Доспех +2;Сильное защитное зачарование доспеха.;[МАГИЯ, очень редкий] Сильное защитное зачарование доспеха.;1800000;Очень редкий;Магические предметы
Кольцо ледяного заслона;Раз в день создаёт краткую стену холодного воздуха, мешающую проходу.;"[МАГИЯ; настройка] Раз в день создаёт краткую стену холодного воздуха, мешающую проходу.";1800000;;Магические предметы
Кольцо хранения заклинаний;Может заранее хранить несколько заклинаний для последующего выпуска.;"[МАГИЯ, редкий; настройка] Может заранее хранить несколько заклинаний для последующего выпуска.";1800000;Редкий;Магические предметы
Корона церемониальная;;Богатая корона для официальных церемоний.;1800000;;Драгоценности и предметы роскоши
Корона церемониальная, простая работа;;Богатая корона для официальных церемоний. Без известного автора.;1800000;;Драгоценности и предметы роскоши
Переносная дыра;Свёрнутый портал-карман создаёт глубокое внепространственное хранилище.;[МАГИЯ, редкий] Свёрнутый портал-карман создаёт глубокое внепространственное хранилище.;1800000;Редкий;Магические предметы
Свиток заклинания 6 круга;"Содержит одно заранее записанное заклинание соответствующего уровня; после успешного применения запись исчезает.";"[МАГИЯ, расходуемое] Содержит одно заранее записанное заклинание соответствующего уровня; после успешного применения запись исчезает.";1800000;;Книги, свитки и документы
Кубок золотой, антикварный экземпляр;;Тяжёлый золотой кубок. Возраст и происхождение повышают коллекционную ценность.;1820000;;Драгоценности и предметы роскоши
Амулет ледяного заслона;Раз в день создаёт краткую стену холодного воздуха, мешающую проходу.;"[МАГИЯ; настройка] Раз в день создаёт краткую стену холодного воздуха, мешающую проходу.";1870000;;Магические предметы
Волшебная палочка огненных шаров;Создаёт взрывы огня, расходуя заряды.;"[МАГИЯ, редкий; настройка] Создаёт взрывы огня, расходуя заряды.";1900000;Редкий;Магические предметы
Плащ ледяного заслона;Раз в день создаёт краткую стену холодного воздуха, мешающую проходу.;"[МАГИЯ; настройка] Раз в день создаёт краткую стену холодного воздуха, мешающую проходу.";1945000;;Магические предметы
Запечатанный кошель на 200 золотых;;Опечатанный кошель с двумя сотнями золотых монет.;2000000;;Деньги и ценности
Сапоги ледяного заслона;Раз в день создаёт краткую стену холодного воздуха, мешающую проходу.;"[МАГИЯ; настройка] Раз в день создаёт краткую стену холодного воздуха, мешающую проходу.";2015000;;Магические предметы
Перчатки ледяного заслона;Раз в день создаёт краткую стену холодного воздуха, мешающую проходу.;"[МАГИЯ; настройка] Раз в день создаёт краткую стену холодного воздуха, мешающую проходу.";2090000;;Магические предметы
Брошь ледяного заслона;Раз в день создаёт краткую стену холодного воздуха, мешающую проходу.;"[МАГИЯ; настройка] Раз в день создаёт краткую стену холодного воздуха, мешающую проходу.";2160000;;Магические предметы
Кольцо пламенного знака;Может оставлять на поверхности долговечный светящийся символ.;"[МАГИЯ; настройка] Может оставлять на поверхности долговечный светящийся символ.";2200000;;Магические предметы
Амулет пламенного знака;Может оставлять на поверхности долговечный светящийся символ.;"[МАГИЯ; настройка] Может оставлять на поверхности долговечный светящийся символ.";2290000;;Магические предметы
Плащ пламенного знака;Может оставлять на поверхности долговечный светящийся символ.;"[МАГИЯ; настройка] Может оставлять на поверхности долговечный светящийся символ.";2375000;;Магические предметы
Сапоги пламенного знака;Может оставлять на поверхности долговечный светящийся символ.;"[МАГИЯ; настройка] Может оставлять на поверхности долговечный светящийся символ.";2465000;;Магические предметы
Доля торгового судна, 1/20;;Документально подтверждённая небольшая доля доходов торгового судна.;2500000;;Деньги и ценности
Кошель с 250 золотых монет;;"Кошель, содержащий ровно 250 золотых монет; ценность равна содержимому.";2500000;;Деньги и ценности
Сертификат торгового дома на 250 золотых;;Надёжный документ на предъявителя номиналом 250 золотых.;2500000;;Деньги и ценности
Перчатки пламенного знака;Может оставлять на поверхности долговечный светящийся символ.;"[МАГИЯ; настройка] Может оставлять на поверхности долговечный светящийся символ.";2550000;;Магические предметы
Кольцо теневой складки;Ненадолго затрудняет визуальное обнаружение владельца в тени.;"[МАГИЯ; настройка] Ненадолго затрудняет визуальное обнаружение владельца в тени.";2600000;;Магические предметы
Брошь пламенного знака;Может оставлять на поверхности долговечный светящийся символ.;"[МАГИЯ; настройка] Может оставлять на поверхности долговечный светящийся символ.";2640000;;Магические предметы
Колье с бриллиантами, дворцовая работа;;Дорогое ювелирное изделие с бриллиантами. Исключительное качество и дорогая отделка.;2660000;;Драгоценности и предметы роскоши
Амулет теневой складки;Ненадолго затрудняет визуальное обнаружение владельца в тени.;"[МАГИЯ; настройка] Ненадолго затрудняет визуальное обнаружение владельца в тени.";2705000;;Магические предметы
Плащ теневой складки;Ненадолго затрудняет визуальное обнаружение владельца в тени.;"[МАГИЯ; настройка] Ненадолго затрудняет визуальное обнаружение владельца в тени.";2810000;;Магические предметы
Корона церемониальная, тонкая работа;;Богатая корона для официальных церемоний. Высокое качество обработки.;2880000;;Драгоценности и предметы роскоши
Сапоги теневой складки;Ненадолго затрудняет визуальное обнаружение владельца в тени.;"[МАГИЯ; настройка] Ненадолго затрудняет визуальное обнаружение владельца в тени.";2910000;;Магические предметы
Перчатки теневой складки;Ненадолго затрудняет визуальное обнаружение владельца в тени.;"[МАГИЯ; настройка] Ненадолго затрудняет визуальное обнаружение владельца в тени.";3015000;;Магические предметы
Брошь теневой складки;Ненадолго затрудняет визуальное обнаружение владельца в тени.;"[МАГИЯ; настройка] Ненадолго затрудняет визуальное обнаружение владельца в тени.";3120000;;Магические предметы
Кольцо дальнего голоса;Передаёт короткую фразу известному владельцу парного предмета на большом расстоянии.;"[МАГИЯ; настройка] Передаёт короткую фразу известному владельцу парного предмета на большом расстоянии.";3200000;;Магические предметы
Колье с бриллиантами, антикварный экземпляр;;Дорогое ювелирное изделие с бриллиантами. Возраст и происхождение повышают коллекционную ценность.;3325000;;Драгоценности и предметы роскоши
Амулет дальнего голоса;Передаёт короткую фразу известному владельцу парного предмета на большом расстоянии.;"[МАГИЯ; настройка] Передаёт короткую фразу известному владельцу парного предмета на большом расстоянии.";3330000;;Магические предметы
Золотой торговый брусок, 5 кг;;Крупный стандартизированный брусок золота для крупных расчётов.;3400000;;Деньги и ценности
Плащ дальнего голоса;Передаёт короткую фразу известному владельцу парного предмета на большом расстоянии.;"[МАГИЯ; настройка] Передаёт короткую фразу известному владельцу парного предмета на большом расстоянии.";3455000;;Магические предметы
Закладная на небольшой дом;;Документ, дающий право требования на небольшой городской дом при юридической силе.;3500000;;Деньги и ценности
Сапоги дальнего голоса;Передаёт короткую фразу известному владельцу парного предмета на большом расстоянии.;"[МАГИЯ; настройка] Передаёт короткую фразу известному владельцу парного предмета на большом расстоянии.";3585000;;Магические предметы
Перчатки дальнего голоса;Передаёт короткую фразу известному владельцу парного предмета на большом расстоянии.;"[МАГИЯ; настройка] Передаёт короткую фразу известному владельцу парного предмета на большом расстоянии.";3710000;;Магические предметы
Брошь дальнего голоса;Передаёт короткую фразу известному владельцу парного предмета на большом расстоянии.;"[МАГИЯ; настройка] Передаёт короткую фразу известному владельцу парного предмета на большом расстоянии.";3840000;;Магические предметы
Кошель с 400 золотых монет;;"Кошель, содержащий ровно 400 золотых монет; ценность равна содержимому.";4000000;;Деньги и ценности
Свиток заклинания 7 круга;"Содержит одно заранее записанное заклинание соответствующего уровня; после успешного применения запись исчезает.";"[МАГИЯ, расходуемое] Содержит одно заранее записанное заклинание соответствующего уровня; после успешного применения запись исчезает.";4200000;;Книги, свитки и документы
Ковёр-самолёт;Летающий ковёр способен перевозить нескольких существ и груз.;[МАГИЯ, очень редкий] Летающий ковёр способен перевозить нескольких существ и груз.;4500000;Очень редкий;Магические предметы
Кольцо обратного шага;Раз в день возвращает владельца в точку, где он находился несколько мгновений назад.;"[МАГИЯ; настройка] Раз в день возвращает владельца в точку, где он находился несколько мгновений назад.";4500000;;Магические предметы
Купчая на мастерскую;;Юридическое право собственности на оборудованную ремесленную мастерскую.;4500000;;Деньги и ценности
Амулет обратного шага;Раз в день возвращает владельца в точку, где он находился несколько мгновений назад.;"[МАГИЯ; настройка] Раз в день возвращает владельца в точку, где он находился несколько мгновений назад.";4680000;;Магические предметы
Плащ обратного шага;Раз в день возвращает владельца в точку, где он находился несколько мгновений назад.;"[МАГИЯ; настройка] Раз в день возвращает владельца в точку, где он находился несколько мгновений назад.";4860000;;Магические предметы
500 золотых монет;;Крупная сумма в золоте.;5000000;;Деньги и ценности
Казначейский сертификат на 500 золотых;;Государственное платёжное обязательство номиналом 500 золотых.;5000000;;Деньги и ценности
Корона церемониальная, дворцовая работа;;Богатая корона для официальных церемоний. Исключительное качество и дорогая отделка.;5040000;;Драгоценности и предметы роскоши
Сапоги обратного шага;Раз в день возвращает владельца в точку, где он находился несколько мгновений назад.;"[МАГИЯ; настройка] Раз в день возвращает владельца в точку, где он находился несколько мгновений назад.";5040000;;Магические предметы
Оружие +3;Исключительно сильное боевое зачарование.;[МАГИЯ, очень редкий] Исключительно сильное боевое зачарование.;5200000;Очень редкий;Магические предметы
Перчатки обратного шага;Раз в день возвращает владельца в точку, где он находился несколько мгновений назад.;"[МАГИЯ; настройка] Раз в день возвращает владельца в точку, где он находился несколько мгновений назад.";5220000;;Магические предметы
Брошь обратного шага;Раз в день возвращает владельца в точку, где он находился несколько мгновений назад.;"[МАГИЯ; настройка] Раз в день возвращает владельца в точку, где он находился несколько мгновений назад.";5400000;;Магические предметы
Корона церемониальная, антикварный экземпляр;;Богатая корона для официальных церемоний. Возраст и происхождение повышают коллекционную ценность.;6300000;;Драгоценности и предметы роскоши
Жезл поглощения;Может перехватывать направленные заклинания и превращать их силу в запас энергии.;"[МАГИЯ, очень редкий; настройка] Может перехватывать направленные заклинания и превращать их силу в запас энергии.";6500000;Очень редкий;Магические предметы
Шар кристального зрения;Позволяет наблюдать удалённые места или существ посредством магического видения.;"[МАГИЯ, очень редкий; настройка] Позволяет наблюдать удалённые места или существ посредством магического видения.";6500000;Очень редкий;Магические предметы
Кошель с 750 золотых монет;;"Кошель, содержащий ровно 750 золотых монет; ценность равна содержимому.";7500000;;Деньги и ценности
Куб силового поля;Создаёт различные режимы защитного силового барьера.;"[МАГИЯ, редкий; настройка] Создаёт различные режимы защитного силового барьера.";7500000;Редкий;Магические предметы
Кольцо регенерации;Постепенно восстанавливает тело владельца и помогает переживать тяжёлые раны.;"[МАГИЯ, очень редкий; настройка] Постепенно восстанавливает тело владельца и помогает переживать тяжёлые раны.";8500000;Очень редкий;Магические предметы
Зеркало похищения жизни;Опасное зеркало способно заточать существ в магическом пространстве внутри себя.;[МАГИЯ, очень редкий] Опасное зеркало способно заточать существ в магическом пространстве внутри себя.;9000000;Очень редкий;Магические предметы
Кольцо межмирной искры;Может на мгновение открыть крошечную щель в межмирье для передачи малого предмета.;"[МАГИЯ; настройка] Может на мгновение открыть крошечную щель в межмирье для передачи малого предмета.";9000000;;Магические предметы
Амулет межмирной искры;Может на мгновение открыть крошечную щель в межмирье для передачи малого предмета.;"[МАГИЯ; настройка] Может на мгновение открыть крошечную щель в межмирье для передачи малого предмета.";9360000;;Магические предметы
Доспех +3;Один из лучших видов зачарованной защиты.;[МАГИЯ, легендарный] Один из лучших видов зачарованной защиты.;9500000;Легендарный;Магические предметы
Посох силы;Мощный боевой посох с набором защитных и разрушительных эффектов.;"[МАГИЯ, очень редкий; настройка] Мощный боевой посох с набором защитных и разрушительных эффектов.";9500000;Очень редкий;Магические предметы
Свиток заклинания 8 круга;"Содержит одно заранее записанное заклинание соответствующего уровня; после успешного применения запись исчезает.";"[МАГИЯ, расходуемое] Содержит одно заранее записанное заклинание соответствующего уровня; после успешного применения запись исчезает.";9500000;;Книги, свитки и документы
Плащ межмирной искры;Может на мгновение открыть крошечную щель в межмирье для передачи малого предмета.;"[МАГИЯ; настройка] Может на мгновение открыть крошечную щель в межмирье для передачи малого предмета.";9720000;;Магические предметы
1000 золотых монет;;Огромная сумма: десять миллионов медных монет.;10000000;;Деньги и ценности
Сапоги межмирной искры;Может на мгновение открыть крошечную щель в межмирье для передачи малого предмета.;"[МАГИЯ; настройка] Может на мгновение открыть крошечную щель в межмирье для передачи малого предмета.";10080000;;Магические предметы
Перчатки межмирной искры;Может на мгновение открыть крошечную щель в межмирье для передачи малого предмета.;"[МАГИЯ; настройка] Может на мгновение открыть крошечную щель в межмирье для передачи малого предмета.";10440000;;Магические предметы
Брошь межмирной искры;Может на мгновение открыть крошечную щель в межмирье для передачи малого предмета.;"[МАГИЯ; настройка] Может на мгновение открыть крошечную щель в межмирье для передачи малого предмета.";10800000;;Магические предметы
Книга телесного здоровья;После долгого изучения способна навсегда улучшить телесную выносливость читателя.;[МАГИЯ, очень редкий] После долгого изучения способна навсегда улучшить телесную выносливость читателя.;12000000;Очень редкий;Магические предметы
Книга ясного мышления;"После долгого изучения способна навсегда улучшить интеллект читателя; затем надолго теряет силу.";"[МАГИЯ, очень редкий] После долгого изучения способна навсегда улучшить интеллект читателя; затем надолго теряет силу.";12000000;Очень редкий;Магические предметы
Кольцо невидимости;По воле владельца делает его невидимым, пока эффект не прерван.;"[МАГИЯ, легендарный; настройка] По воле владельца делает его невидимым, пока эффект не прерван.";12000000;Легендарный;Магические предметы
Право на разработку малой шахты;;Лицензия или наследуемое право на разработку небольшой шахты.;12000000;;Деньги и ценности
Руководство быстрых действий;После долгого изучения способно навсегда улучшить ловкость читателя.;[МАГИЯ, очень редкий] После долгого изучения способно навсегда улучшить ловкость читателя.;12000000;Очень редкий;Магические предметы
Кошель с 1500 золотых монет;;"Кошель, содержащий ровно 1500 золотых монет; ценность равна содержимому.";15000000;;Деньги и ценности
Свиток заклинания 9 круга;"Содержит одно заранее записанное заклинание соответствующего уровня; после успешного применения запись исчезает.";"[МАГИЯ, расходуемое] Содержит одно заранее записанное заклинание соответствующего уровня; после успешного применения запись исчезает.";22000000;;Книги, свитки и документы
Колода многих вещей;"Каждая вытянутая карта способна радикально изменить судьбу владельца; эффект крайне непредсказуем.";"[АРТЕФАКТ/легендарная магия] Каждая вытянутая карта способна радикально изменить судьбу владельца; эффект крайне непредсказуем.";25000000;Артефакт;Магические предметы
Кошель с 2500 золотых монет;;"Кошель, содержащий ровно 2500 золотых монет; ценность равна содержимому.";25000000;;Деньги и ценности
Кошель с 5000 золотых монет;;"Кошель, содержащий ровно 5000 золотых монет; ценность равна содержимому.";50000000;;Деньги и ценности
Сфера уничтожения;"Чёрная сфера разрушительной пустоты уничтожает материю при соприкосновении; крайне опасна.";"[АРТЕФАКТ/легендарная магия] Чёрная сфера разрушительной пустоты уничтожает материю при соприкосновении; крайне опасна.";50000000;Артефакт;Магические предметы
Кошель с 10000 золотых монет;;"Кошель, содержащий ровно 10000 золотых монет; ценность равна содержимому.";100000000;;Деньги и ценности
